track_id,artists,album_name,track_name,popularity,duration_ms,explicit,danceability,energy,key,loudness,mode,speechiness,acousticness,instrumentalness,liveness,valence,tempo,time_signature,track_genre
0CDucx9lKxuCZplLXUz0iX,Buena Onda Reggae Club,Disco 2,Song for Rollins,16,219346,False,0.841,0.5770000000000001,0,-7.544,1,0.0438,0.23800000000000002,0.86,0.0571,0.843,90.522,4,afrobeat
2aibwv5hGXSgw7Yru8IYTO,Red Hot Chili Peppers,Stadium Arcadium,Snow (Hey Oh),80,334666,False,0.42700000000000005,0.9,11,-3.674,1,0.0499,0.11599999999999999,1.75e-05,0.11900000000000001,0.599,104.655,4,alt-rock
7mULVp0DJrI2Nd6GesLvxn,Joy Division,Timeless Rock Hits,Love Will Tear Us Apart,0,204621,False,0.524,0.902,2,-8.662,1,0.0368,0.000989,0.695,0.13699999999999998,0.907,146.833,4,alternative
6d3RIvHfVkoOtW1WHXmbX3,Little Symphony,Serenity,Margot,27,45714,False,0.26899999999999996,0.142,0,-23.695,1,0.0509,0.866,0.904,0.114,0.321,67.872,3,ambient
481beimUiUnMUzSbOAFcUT,SUPER BEAVER,突破口 / 自慢になりたい,突破口,54,255080,False,0.47200000000000003,0.9940000000000001,8,-1.786,1,0.114,0.0259,0.0,0.0535,0.262,103.512,4,anime
57QCT8L3kFQiN4AXkBRJxW,Dimmu Borgir,Spiritual Black Dimensions,The Blazing Monoliths of Defiance,22,277093,False,0.16899999999999998,0.9490000000000001,4,-6.789,0,0.10099999999999999,2.47e-05,0.000743,0.276,0.11199999999999999,112.758,4,black-metal
3RIeNvIwO6ZRMLiwla7DdY,Whoredom Rife,Whoredom Rife,Gitt Til Odin,17,344466,False,0.107,0.899,9,-6.346,0,0.0666,1.48e-06,3.71e-05,0.389,0.0335,187.43900000000002,3,black-metal
6FmQMYlxRl56FIgOwvRBil,Whoredom Rife,Pakt,En Lenke Smidd I Blod,16,396210,False,0.355,0.9520000000000001,6,-6.477,0,0.0814,4.19e-06,0.17600000000000002,0.36,0.0362,94.97200000000001,3,black-metal
6laLzRAweI0HEOYDMO4Kds,Alison Krauss & Union Station,Live,"Tiny Broken Heart - Live From The Louisville Palace, Kentucky / 2002",25,188400,False,0.466,0.815,9,-8.479,1,0.0355,0.159,0.000236,0.8640000000000001,0.866,112.448,4,bluegrass
5Aq43Qi1j27J5KQkKYYKq0,Old & In The Way,Breakdown,Working On A Building,21,155733,False,0.524,0.23800000000000002,9,-17.01,1,0.0426,0.892,0.0148,0.713,0.6409999999999999,98.94200000000001,4,bluegrass
72E3wMPI5tVY7VoEWLSuhf,Ella Fitzgerald,CHRISTMAS TOP HITS 2022,Frosty The Snowman,0,131733,False,0.579,0.502,8,-7.57,1,0.0513,0.733,0.0,0.281,0.836,76.783,4,blues
3FkzSXO9uZbQ4sgRgR8O0m,Fats Domino,The Fats Domino Jukebox: 20 Greatest Hits The Way You Originally Heard Them,Let The Four Winds Blow - Remastered 2002,32,138693,False,0.588,0.494,10,-10.687000000000001,1,0.0525,0.535,0.0155,0.0942,0.9640000000000001,91.964,4,blues
1hB4340DP1nnBmfWn37uTN,509-E;Dexter;Afro-X,Provérbios 13,Saudades Mil,48,526026,True,0.624,0.589,2,-6.669,1,0.281,0.302,0.0,0.124,0.78,76.847,4,brazil
469w8UmJYEGGMTNafmscjz,Padre Fábio De Melo,Queremos Deus,Espírito Santo Repousa / Faço Novas Todas as Coisas,43,467000,False,0.276,0.5760000000000001,0,-8.672,1,0.0389,0.5820000000000001,0.0,0.636,0.24,139.751,4,brazil
0LBIf9EFHuxmuNig4JHGZo,Timo Maas,Crossing Wires 002 - Compiled And Mixed By Timo Maas,Crossing Wires 002 - Continuous DJ Mix,11,4789026,False,0.6970000000000001,0.632,1,-12.469000000000001,1,0.0451,0.00815,0.871,0.0998,0.151,121.055,4,breakbeat
7bqnvindpmkim89M9yhRiU,Leon Lai,黎明電影主題曲歌集,"甜蜜蜜 - 電影""甜蜜蜜""主題曲",20,201040,False,0.555,0.348,4,-15.245,1,0.0294,0.78,0.00137,0.115,0.5660000000000001,138.08700000000002,4,cantopop
7kao8wtgDELLkoMjGPhre7,Paul Johnson,The Music In Me,Y All Stole Them Dances - Original Mix,10,319352,False,0.804,0.851,11,-9.786,0,0.145,0.00101,0.0107,0.261,0.607,132.813,4,chicago-house
14vexXpojwu3mG1S9fqHmL,Aaron Smith;Luvli,Dancin,Dancin - Laidback Luke Remix,20,381395,False,0.664,0.848,6,-2.3819999999999997,1,0.162,0.0759,0.0332,0.106,0.359,129.056,4,chicago-house
5GNH4c3DtYopcN3QcEzOxD,VeggieTales,Oh Santa! Kids Christmas Songs,Feliz Navidad,0,185493,False,0.7070000000000001,0.506,0,-9.218,1,0.175,0.48,0.00011399999999999999,0.0491,0.924,157.755,4,children
5DVAtP5U4v22AUwjii0bvx,The Countdown Kids,Happy Halloween! (Spooky Favorites for Kids),"Theme from ""The Addams Family""",0,84000,False,0.7170000000000001,0.6729999999999999,5,-4.645,1,0.251,0.8009999999999999,0.0161,0.0214,0.963,60.799,4,children
4xxg28R4JsE5OSyDFlZEmZ,Pink Sweat$,Coffee Chill,I Feel Good,0,136058,False,0.8029999999999999,0.75,11,-4.67,1,0.0551,0.0233,3.87e-05,0.045,0.628,106.0,4,chill
4gj2XS6vLhDBuiduScHjRX,Johann Sebastian Bach;RIMA,Early Morning Classic,Bach : The Well-Tempered Clavier Book I. Fugue No.2,1,93340,False,0.37200000000000005,0.0413,0,-31.531,0,0.0339,0.995,0.845,0.129,0.445,170.196,3,classical
0MtRspmmNTRJa4Ebd2AMuN,Johann Sebastian Bach;Lang Lang,Classical Christmas 2022,"Christmas Oratorio, BWV 248: X. Sinfonia (Arr. Anna Saradjian)",0,157400,False,0.499,0.059000000000000004,7,-20.969,1,0.0546,0.995,0.89,0.0889,0.171,82.47200000000001,4,classical
0o30XkI520zpdZIeSRaSXr,Johann Sebastian Bach;Orion Weiss,Yarlung Records: Fifteen Years,"Overture in the French Style, Op. 2, BWV 831 (Excerpts): XI. Echo",0,176963,False,0.522,0.215,11,-21.148000000000003,0,0.0655,0.992,0.912,0.0971,0.934,103.76700000000001,4,classical
0HOrX3f1vhUpn5hknKAM9W,Johann Sebastian Bach;Gundula Janowitz;Christa Ludwig;Fritz Wunderlich;Münchener Bach-Orchester;Karl Richter,Classical Christmas 2022,"Christmas Oratorio, BWV 248 / Pt. 5 - For the 1st Sunday in the New Year: No. 51 Terzetto: ""Ach, wann wird die Zeit erscheinen?""",0,320173,False,0.34299999999999997,0.243,11,-15.404000000000002,0,0.0578,0.943,0.0,0.532,0.41700000000000004,73.48,4,classical
1gHJ8Y9xdcOPfg5tyBIL40,Johann Sebastian Bach;Lang Lang,Weihnachten Klassik 2022,"Christmas Oratorio, BWV 248: X. Sinfonia (Arr. Anna Saradjian)",0,157400,False,0.499,0.059000000000000004,7,-20.969,1,0.0546,0.995,0.89,0.0889,0.171,82.47200000000001,4,classical
3hyLdoIjuv5JV0MyE4GQkg,Johann Sebastian Bach;Boston Pops Orchestra;Arthur Fiedler,Weihnachten Klassik 2022,"Herz und Mund und Tat und Leben, Cantata BWV 147 - Arr. Robert Bockholt: Jesu Joy of Men's Desiring",0,204666,False,0.138,0.17300000000000001,7,-17.602999999999998,1,0.0371,0.955,0.9279999999999999,0.161,0.159,100.65700000000001,4,classical
0KMayG55Y3QCYK2Yxq7qj7,Ludwig van Beethoven;Murray Perahia,Clásica para los niños de hoy,"Piano Sonata No. 14 in C-Sharp Minor, Op. 27 No. 2 ""Moonlight"": I. Adagio sostenuto",0,316440,False,0.146,0.0024100000000000002,1,-40.843,0,0.0434,0.995,0.945,0.113,0.0973,166.46200000000002,3,classical
5Wr9eVJ9Ccpx6uYTLETkbk,Ludwig van Beethoven;Wiener Philharmoniker;Andris Nelsons,Classical Running,"Symphony No. 6 in F Major, Op. 68 ""Pastoral"": III. Lustiges Zusammensein der Landleute. Allegro",0,308240,False,0.28300000000000003,0.139,5,-18.546,1,0.0476,0.9309999999999999,0.841,0.54,0.33399999999999996,158.524,1,classical
1APMLD7JwHPdiWFObXKqXP,Pyotr Ilyich Tchaikovsky;Berliner Philharmoniker;Mstislav Rostropovich,Classical Christmas,"The Nutcracker (Suite), Op. 71a, TH. 35: IIf. Dance of the Reed-Pipes (Mirlitons)",0,155000,False,0.45,0.0485,2,-31.079,1,0.038,0.972,0.9109999999999999,0.172,0.316,126.978,4,classical
4yp2yp607NbAqmpvtvk5Bp,Yiruma,Christmas Dinner,Maybe Christmas - Orchestra Version,0,303297,False,0.105,0.154,1,-14.355,1,0.0334,0.946,0.895,0.0683,0.0756,71.0,4,classical
6XjBNMzl25wEBebNMdPMGg,Edvard Grieg;Una Bourne,"Mozart, Liszt & Others: Piano Works","Lyric Pieces I, Op. 12 (Excerpts): No. 2, Vals",0,88506,False,0.419,0.213,9,-23.095,1,0.0357,0.961,0.899,0.237,0.36,97.708,3,classical
4oE62AqzUuiwV09HGxiMlu,Edvard Grieg;Una Bourne,"Mozart, Liszt & Others: Piano Works","Lyric Pieces I, Op. 12 (Excerpts): No. 6, Norsk",0,42306,False,0.345,0.23600000000000002,2,-21.921999999999997,1,0.0401,0.9890000000000001,0.9520000000000001,0.228,0.38,135.67700000000002,4,classical
5Ib5W64RwrPCN3bnRO4C2W,Edvard Grieg;Una Bourne,"Mozart, Liszt & Others: Piano Works","Lyric Pieces I, Op. 12 (Excerpts): No. 5, Folkevise",0,59653,False,0.376,0.129,6,-23.677,0,0.0397,0.993,0.899,0.142,0.561,56.596000000000004,4,classical
6m3hSSDwLUUsXEf6aPtH1m,Edvard Grieg;Una Bourne,"Mozart, Liszt & Others: Piano Works","Lyric Pieces VIII, Op. 65: No. 6, Bryllupsdag på Troldhaugen",0,255933,False,0.331,0.23,2,-21.548000000000002,1,0.0356,0.978,0.88,0.359,0.18899999999999997,82.51,3,classical
2tF07mtTCrO5bmw1xv2vzG,Edvard Grieg;Academy of St. Martin in the Fields;Sir Neville Marriner,Classical Running,"Holberg Suite, Op. 40: 1. Präludium (Allegro vivace)",0,165000,False,0.23,0.14400000000000002,7,-21.34,1,0.0408,0.94,0.8690000000000001,0.395,0.22899999999999998,142.16299999999998,4,classical
4k1gofu5MHXtsbqfikEzVq,Sergei Rachmaninoff;Marko Stuparevic,Recreation: Russian Piano Sonatas,"Piano Sonata No. 2 in B-Flat Minor, Op. 36: I. Allegro agitato",0,505663,False,0.316,0.10800000000000001,1,-20.37,1,0.0416,0.9940000000000001,0.898,0.0957,0.0615,84.99600000000001,4,classical
26Dme5GkC1yX4P2QU9V6Sk,Sergei Rachmaninoff;Talistrio,"Casella, Rachmaninoff & Yamada: Chamber Works","Trio élégiaque No. 2 in D Minor, Op. 9: I. Moderato - Allegro vivace",0,1371693,False,0.175,0.0869,2,-20.248,0,0.0427,0.955,0.251,0.0783,0.0345,78.113,4,classical
7vwrBZ68Puc9ZJaXRcnHRs,Bhimsen Joshi,Jeevan Gane Pandit Bhimsen Joshi,Aata Kothe Dhave Man,29,360386,False,0.41,0.245,2,-17.29,1,0.0318,0.9570000000000001,0.0,0.0793,0.585,102.37799999999999,4,classical
0RPOy0HWyY3bLm40pm3T8s,Wolfgang Amadeus Mozart;Daniel Barenboim;Berliner Philharmoniker,Mozart: Piano Concertos Nos. 20 & 22,"Mozart: Piano Concerto No. 20 in D Minor, K. 466: III. Allegro assai",24,417666,False,0.35600000000000004,0.159,2,-20.230999999999998,0,0.0379,0.9840000000000001,0.943,0.151,0.22899999999999998,71.779,4,classical
3bURbpWSxXGl1R741ekg07,Wolfgang Amadeus Mozart;Mao Fujita,Mozart: The Complete Piano Sonatas,"Piano Sonata No. 3 in B-Flat Major, K. 281: II. Andante amoroso",16,313866,False,0.4,0.0334,3,-26.333000000000002,1,0.0502,0.993,0.938,0.11,0.36700000000000005,94.36200000000001,3,classical
04iTE6hn0yvbWHJXkIfLyy,Wolfgang Amadeus Mozart;Ingrid Haebler;Wiener Symphoniker;Christoph von Dohnányi,"Mozart: Piano Concertos Nos. 12, 18 & 19","Piano Concerto No. 18 in B-Flat Major, K. 456: II. Andante un poco sostenuto",7,693666,False,0.21,0.0975,7,-21.648000000000003,0,0.0342,0.973,0.879,0.5,0.0832,84.993,4,classical
5VOJiy4ZseTafrksLPCxim,Wolfgang Amadeus Mozart;Ingrid Haebler;London Symphony Orchestra;Sir Colin Davis,Mozart: Piano Concertos Nos. 14-21,"Piano Concerto No. 15 in B-Flat Major, K. 450: II. (Andante)",5,362640,False,0.17,0.045,3,-26.573,1,0.0418,0.99,0.9229999999999999,0.15,0.0788,56.768,4,classical
6T1t7fOMfVuVpWSe2Z4Pp9,Wolfgang Amadeus Mozart;Ingrid Haebler;London Symphony Orchestra;Sir Colin Davis,Mozart: Piano Concertos Nos. 26 & 27; Rondo in A Major,"Piano Concerto No. 26 in D Major, K. 537 ""Coronation"": II. (Larghetto)",3,410066,False,0.302,0.019,9,-26.351,1,0.0361,0.992,0.915,0.17,0.19399999999999998,70.075,4,classical
7mOGLFitvkIyK6xix2xo1m,Wolfgang Amadeus Mozart;Ingrid Haebler;Ludwig Hoffmann,Mozart: Complete Variations for Piano,"Sonata for Piano 4 Hands in C Major, K. 19d: III. Rondo (Allegretto)",2,225293,False,0.457,0.0888,0,-24.985,1,0.051,0.992,0.917,0.131,0.391,125.82600000000001,4,classical
4JvzS5bLyxDizlP1OTS8EV,Wolfgang Amadeus Mozart;Hilary Hahn;Natalie Zhu,Mozart - A Classical Dawn,"Sonata for Piano and Violin in E Minor, K. 304: II. Tempo di minuetto",3,337586,False,0.34700000000000003,0.11800000000000001,4,-21.191999999999997,0,0.0416,0.9670000000000001,0.0612,0.11800000000000001,0.257,125.78,4,classical
3MpoUs3BBbuxwbnmHIxOJv,Wolfgang Amadeus Mozart;Mitsuko Uchida;Cleveland Orchestra,Mozart: A Night of Classics,"Piano Concerto No. 27 in B-Flat Major, K. 595: 2. Larghetto - Live",7,452706,False,0.18,0.0115,3,-30.171999999999997,1,0.0399,0.987,0.851,0.0991,0.0861,70.428,4,classical
5R02WO5PUrHxynXWfheAqN,Wolfgang Amadeus Mozart;Danielle Laval,Mozart: A Night of Classics,"12 Variations on an Allegretto in B Flat, K.500: 6. Variation V",24,45532,False,0.637,0.022000000000000002,3,-26.353,1,0.0525,0.995,0.909,0.126,0.193,89.78,4,classical
22mK3JHgM6ATUkfI7BHemg,Wolfgang Amadeus Mozart;Danielle Laval,Mozart - Inspiring Classics,"9 Variations on a Minuet by J.P. Duport in D, K.573: 3. Variation II",5,62280,False,0.27699999999999997,0.177,2,-19.688,1,0.0348,0.9740000000000001,0.981,0.228,0.85,142.908,3,classical
1lOhnZV1VVicEMHDEsUXVQ,Wolfgang Amadeus Mozart;Erik Smith,Mozart - Inspiring Classics,"Minuet in F, K.1d",3,79360,False,0.478,0.185,5,-16.500999999999998,1,0.037000000000000005,0.693,0.907,0.0665,0.941,103.495,3,classical
0gBtRrMYlHoToeVB3cstKs,Wolfgang Amadeus Mozart;Danielle Laval,Mozart - Inspiring Classics,"12 Variations on an Allegretto in B Flat, K.500: 8. Variation VII",4,65536,False,0.601,0.0588,10,-27.72,0,0.0747,0.995,0.9159999999999999,0.0899,0.354,125.689,4,classical
38znqxzVreO8WnoEkBIAJI,Wolfgang Amadeus Mozart;Academy of St. Martin in the Fields;Sir Neville Marriner,Mozart - Inspiring Classics,"Symphony No. 22 in C, K.162: 3. Presto assai",1,98506,False,0.494,0.21600000000000003,0,-17.779,1,0.0452,0.966,0.9209999999999999,0.115,0.6409999999999999,76.432,3,classical
3vFLZOEIM1SxKWPvCCKqvg,Wolfgang Amadeus Mozart;Danielle Laval,Mozart - Inspiring Classics,"9 Variations on ‘Lison dormait’ from ‘Julie’ by N. Dezède in C, K.264: 7. Variation VI",4,64492,False,0.326,0.218,0,-19.854,1,0.0345,0.992,0.937,0.17800000000000002,0.444,142.72299999999998,5,classical
4lvfOnCUxyT3aKKamZ3WXu,Wolfgang Amadeus Mozart;Danielle Laval,Mozart - Inspiring Classics,"12 Variations in C Major on ""Ah, vous dirai-je Maman"", K. 265: 11. Variation X",6,41893,False,0.212,0.221,0,-20.543000000000003,1,0.0454,0.98,0.96,0.149,0.425,148.759,5,classical
4gvMjEAFf64RJC2XH9j3Ls,Wolfgang Amadeus Mozart;Danielle Laval,Mozart - Inspiring Classics,"9 Variations on ‘Lison dormait’ from ‘Julie’ by N. Dezède in C, K.264: 2. Variation I",3,71560,False,0.272,0.142,0,-22.839000000000002,1,0.0337,0.982,0.975,0.188,0.561,63.218,4,classical
73tHDm0hBREbIJU4NrbGKy,Wolfgang Amadeus Mozart;Arthur Grumiaux;Walter Klien,Mozart: A Night of Classics,"Sonata for Piano and Violin in E flat, K.481: 3f. Variation 5",10,75986,False,0.336,0.155,0,-20.784000000000002,0,0.0399,0.99,0.7909999999999999,0.153,0.871,166.114,3,classical
1NoDZgAwhDmLXBdfxaFPVM,Wolfgang Amadeus Mozart;Arthur Grumiaux;Walter Klien,Mozart: A Night of Classics,"Sonata for Piano and Violin in A, K.305: 2e. Variation 4",12,68733,False,0.39799999999999996,0.113,9,-22.607,1,0.0561,0.973,0.132,0.174,0.369,58.878,4,classical
2vZkRvnwxCLsmzf8oGGBKK,Wolfgang Amadeus Mozart;Wiener Mozart Ensemble;Willi Boskovsky,Mozart: A Night of Classics,6 Minuets K. 105 (attribution doubtful): No. 4 in G Major,6,99000,False,0.502,0.0769,7,-19.183,1,0.0466,0.985,0.423,0.205,0.7809999999999999,142.069,3,classical
7zo05whm8LBnnt1dG979ov,Wolfgang Amadeus Mozart;Wiener Mozart Ensemble;Willi Boskovsky,Mozart - A Classical Dawn,"Six German Dances, K.571: No. 5 in B Flat Major",3,92000,False,0.539,0.158,10,-15.544,1,0.0356,0.976,0.498,0.151,0.685,88.18,3,classical
4GdCiwOXIpmQGUWl5XBqyr,Wolfgang Amadeus Mozart;Arthur Grumiaux;Walter Klien,Mozart - Inspiring Classics,"6 Variations in G minor for Piano & Violin on ""Hélas, j'ai perdu mon amant"" K.360: Var. I",6,55613,False,0.308,0.0647,7,-24.599,0,0.0446,0.9940000000000001,0.971,0.17800000000000002,0.769,179.916,4,classical
2bNeq7dW6z9umgGfHGLdcL,Wolfgang Amadeus Mozart;Gürzenich Orchestra Köln;Günter Wand,Mozart - Inspiring Classics,"Symphony No. 33 in B-Flat Major, K. 319: 2b. Andante moderato - Pt. 2",3,69653,False,0.3,0.0902,10,-19.71,1,0.0392,0.981,0.958,0.395,0.0842,87.475,4,classical
5SBm6jz3bNhnbgerw5sJ9g,Wolfgang Amadeus Mozart;Danielle Laval,Mozart - Inspiring Classics,"8 Variations on ‘Dieu d'amour’ from ‘Les mariages samnites’ by Grétry in F, K.352: 2. Variation I",3,80453,False,0.37200000000000005,0.076,5,-24.31,1,0.0507,0.995,0.9670000000000001,0.13699999999999998,0.5529999999999999,90.98700000000001,1,classical
040CvqW0wo3b77EBRfgC14,Wolfgang Amadeus Mozart;Isabelle van Keulen;Ronald Brautigam,Mozart - A Classical Dawn,"Andante and allegretto for Piano and Violin in C, K.404: 2. Allegretto",6,84653,False,0.446,0.106,7,-21.427,1,0.0459,0.987,0.696,0.10099999999999999,0.8440000000000001,157.273,4,classical
2WvKORgp0fzCJAAvG8cN3K,Wolfgang Amadeus Mozart;Academy of St. Martin in the Fields;Sir Neville Marriner,Mozart - A Classical Dawn,"Symphony No. 25 in G minor, K.183: 1. Allegro con brio",3,92986,False,0.374,0.128,7,-17.219,0,0.0338,0.983,0.935,0.0823,0.299,80.516,4,classical
1ghv8smG2wTI2Rhs2eghih,Wolfgang Amadeus Mozart;Claire-Marie Le Guay,Mozart: A Night of Classics,"Piano Sonata No.14 in C Minor, K. 457: 2c. Adagio - Pt. 3",14,64839,False,0.325,0.0109,3,-31.406,1,0.0672,0.996,0.8759999999999999,0.129,0.612,134.0,4,classical
1SZp7sIqzHHh1YMaMu8FL2,Wolfgang Amadeus Mozart;Danielle Laval,Mozart - A Classical Dawn,"12 Variations on an Allegretto in B Flat, K.500: 11. VariatiIon X",9,64379,False,0.37200000000000005,0.0722,10,-24.857,1,0.0331,0.993,0.898,0.0886,0.324,100.92399999999999,4,classical
227o6yibgqhCnZ4i0w77CE,Wolfgang Amadeus Mozart;András Schiff,Mozart - A Classical Dawn,"Fantasia in C minor, K.475: Allegro",5,88600,False,0.42100000000000004,0.0837,10,-25.476,1,0.0386,0.993,0.885,0.14,0.125,66.075,4,classical
6hVF0vHExRU8hD7cU8hFqS,Wolfgang Amadeus Mozart;Berliner Philharmoniker;Karl Böhm,Mozart - A Classical Dawn,"Die Zauberflöte, K. 620 / Zweiter Aufzug: Marsch der Priester",4,86333,False,0.248,0.0464,5,-30.37,1,0.0352,0.982,0.9520000000000001,0.23600000000000002,0.157,87.447,4,classical
2wBVQEElJpTgXi0Op2yt1P,Wolfgang Amadeus Mozart;Claire-Marie Le Guay,Mozart - All Day Classics,"Piano Sonata No.14 in C Minor, K. 457: 2g. Adagio - Pt. 7",21,48960,False,0.37200000000000005,0.0183,3,-31.906999999999996,1,0.0512,0.9940000000000001,0.924,0.196,0.369,133.748,4,classical
7wvPoDq2sE2qvRE1Trramr,Wolfgang Amadeus Mozart;New Philharmonia Orchestra;Carlo Maria Giulini,Mozart: A Night of Classics,"Symphony No. 40 In G Minor, K.550: 1. Molto allegro",9,85960,False,0.308,0.128,7,-16.179000000000002,0,0.0368,0.929,0.956,0.124,0.294,103.57700000000001,4,classical
48Z50XFPDJMdZaSlAX58JP,Wolfgang Amadeus Mozart;Concerto Köln;Werner Ehrhardt,Mozart - A Classical Dawn,"Six German Dances, K.571: No. 4 in G",4,96133,False,0.57,0.177,7,-18.339000000000002,1,0.0488,0.963,0.917,0.156,0.515,96.075,1,classical
2ZwjgC6JSTllAAY2lJFXQg,Wolfgang Amadeus Mozart;Hagen Quartett,Mozart - A Classical Dawn,"String Quartet No. 9 in A, K.169: 4. Rondeaux (Allegro)",5,90053,False,0.44799999999999995,0.113,9,-22.261999999999997,1,0.0501,0.9790000000000001,0.878,0.1,0.792,125.6,4,classical
5FwMLFEARYqd9faHGljjwM,Wolfgang Amadeus Mozart;Erik Smith,Mozart: A Night of Classics,"Andantino in C, K.15b",14,67546,False,0.43,0.363,0,-17.472,1,0.0512,0.909,0.358,0.29,0.395,127.89299999999999,4,classical
1QBDI0pYOFgskhDI0C7tKh,Wolfgang Amadeus Mozart;Danielle Laval,Mozart - Inspiring Classics,"8 Variations on ‘Ein Weib ist das herrlichste Ding’ by B. Schack in F, K.613: 4. Variation III",1,94438,False,0.215,0.0904,5,-22.500999999999998,1,0.0448,0.992,0.892,0.12300000000000001,0.465,111.98299999999999,5,classical
2YF4qV9DzrcrSyddCkpTxV,Wolfgang Amadeus Mozart;Wiener Mozart Ensemble;Willi Boskovsky,Mozart - A Classical Dawn,"Overture and Three Contredanses, K.106: Contredanse No. 3 in B Flat Major",3,99173,False,0.594,0.11800000000000001,10,-17.044,1,0.043,0.977,0.36700000000000005,0.0762,0.588,145.79399999999998,4,classical
2lTWvfqX8itVpHvQ8EMhS6,Wolfgang Amadeus Mozart;Academy of St. Martin in the Fields;Sir Neville Marriner,Mozart - All Day Classics,"The London Sketchbook, K. 15a-ss (arr. and/or orch. E. Smith) - Three Contredanses: in F, K.15h",23,47000,False,0.6609999999999999,0.042,5,-29.017,1,0.0433,0.976,0.968,0.114,0.575,82.314,4,classical
2C9ZfqsCQ2bSI51q4uJHaU,Wolfgang Amadeus Mozart;Florian Birsak,Mozart - All Day Classics,"Modulating Prelude, K.284a/2",24,42586,False,0.534,0.15,0,-14.58,0,0.0422,0.9840000000000001,0.2,0.248,0.53,84.359,4,classical
2nYrRZDwNr6PozbY68pTF8,Wolfgang Amadeus Mozart;Arthur Grumiaux;Walter Klien,Mozart - All Day Classics,"Sonata for Piano and Violin in E flat, K.481: 3f. Variation 5",9,75986,False,0.336,0.155,0,-20.784000000000002,0,0.0399,0.99,0.7909999999999999,0.153,0.871,166.114,3,classical
1wUCk6Nh4c8XLAG0NdNIU5,Wolfgang Amadeus Mozart;Wiener Mozart Ensemble;Willi Boskovsky,Mozart - All Day Classics,"Overture and Three Contredanses, K.106: Overture in D, K.106",16,59760,False,0.56,0.247,2,-13.534,1,0.0601,0.924,0.9570000000000001,0.0918,0.69,147.246,4,classical
1AypLOhAhLxEDCOy5XGxLM,Wolfgang Amadeus Mozart;Danielle Laval,Mozart - All Day Classics,"Nine Variations in D, K.573 on a minuet by J.P. Duport: 7a. Variation VI - Pt. 1",16,63893,False,0.457,0.0343,2,-27.041,0,0.0465,0.9890000000000001,0.953,0.0988,0.435,71.381,3,classical
30Hm5tUVPVoJzGIEBchOT3,Wolfgang Amadeus Mozart;Danielle Laval,Mozart - All Day Classics,"8 Variations on ‘Come un agnello’ by Sarti in A, K.460: 1.Theme",15,64039,False,0.588,0.0235,9,-27.184,1,0.0855,0.9940000000000001,0.963,0.10400000000000001,0.502,100.23299999999999,4,classical
3b4CT1QcTUXjxxhclNX5UT,Wolfgang Amadeus Mozart;Heinz Holliger;Hermann Baumann;Michel Gasciarrino;Henk Guldemond;Orlando Quartet,Mozart - A Classical Dawn,"Divertimento No. 11 in D, K.251 ""Nannerl-Septett"": 4b. Menuetto (Tema con variazioni): Var. I",6,76533,False,0.6729999999999999,0.17,9,-16.804000000000002,1,0.0408,0.867,0.648,0.10800000000000001,0.593,116.655,4,classical
2TocLZMOpI8t0fwIYiXRU5,Wolfgang Amadeus Mozart;Mozarteum Orchestra Salzburg;Leopold Hager,Mozart - All Day Classics,"Ascanio in Alba, K.111 / Part 1: Andante grazioso",10,78800,False,0.284,0.0656,7,-22.254,1,0.0398,0.96,0.9520000000000001,0.305,0.38,84.639,1,classical
7dtxV1gbo3kWHiBhFywD7v,Wolfgang Amadeus Mozart;Karl-Heinz Steffens;Werner Mittelbach;Reinhold Helbich,Mozart - All Day Classics,"14 “Interval” Canons K. 508a/3-8 & K. Deest: Canons Nos. 11-14, K.508a/7-8 & K. Deest",7,90786,False,0.33,0.0423,3,-23.180999999999997,1,0.0496,0.99,0.868,0.10800000000000001,0.284,86.81,4,classical
6nQanke7CG03HzTKpjXlhV,Wolfgang Amadeus Mozart;English Baroque Soloists;John Eliot Gardiner,Mozart - All Day Classics,"Idomeneo, re di Creta, K.366 / Act 3: Marcia - Live",7,83666,False,0.19899999999999998,0.00734,0,-39.346,1,0.0379,0.805,0.000513,0.542,0.327,94.79899999999999,4,classical
03B8ZXUmuDpf59j5PIMFHq,Wolfgang Amadeus Mozart;Heinz Holliger;Academy of St. Martin in the Fields;Kenneth Sillito,Mozart - All Day Classics,"Ma che vi fece... Sperai vicino, K.368: 1. Andantino",7,86160,False,0.29,0.049,5,-24.072,1,0.0555,0.98,0.753,0.10800000000000001,0.114,76.473,4,classical
7gK2q5m7SDSY4MDPvv3v9c,Wolfgang Amadeus Mozart;Members of the Netherlands Wind Ensemble;Werner Herbers;Carlo Ravelli;Hans Mossel;Hens Otter;Joep Terwey;Kees Olthuis;Iman Soeteman;Jan Peeters;Hans Krul,Mozart - All Day Classics,"Don Giovanni, ossia Il dissoluto punito, K.527 - Arr. for 8 wind instruments by Johann G. Triebensee (1746-1813) - Act 1: ""Madamina, il catalogo è questo""",6,99986,False,0.495,0.14400000000000002,7,-21.976999999999997,1,0.038,0.986,0.847,0.222,0.391,94.024,4,classical
32By63ejJIcJka9uDcO0A9,Wolfgang Amadeus Mozart;Wiener Mozart Ensemble;Willi Boskovsky,Mozart - All Day Classics,"7 Minuets, K.65a: No. 5 in C Major",7,98560,False,0.5920000000000001,0.0557,0,-20.601,1,0.0493,0.958,0.0373,0.0642,0.7090000000000001,142.89700000000002,1,classical
6b6CdXY3wpG7OFtp6FOwLz,Dustycloud,Golden Hour,Golden Hour,42,269695,False,0.6809999999999999,0.627,8,-8.842,1,0.159,0.303,7.04e-05,0.245,0.135,125.008,4,club
5CIW5yZEzjsJHI6Nv340Fk,DJ Tray,Can't Wait,Can't Wait,15,135915,False,0.8270000000000001,0.511,6,-15.485,0,0.0594,0.0009289999999999999,0.24600000000000002,0.152,0.494,143.067,4,club
6KQ0HYY0zSZVHIxFvommre,Glee Cast;Jonathan Groff,Glee LGBTQIA+ Pride,Like A Virgin (Glee Cast Version) (feat. Jonathan Groff),15,195093,False,0.679,0.845,4,-3.05,0,0.0478,0.0651,0.0,0.0841,0.763,119.98899999999999,4,club
5rOzcHIZaF038jMeHkUZR0,Arca,Arca,Reverie,40,192767,False,0.251,0.5539999999999999,9,-9.641,0,0.0334,0.0528,0.127,0.188,0.0764,126.22399999999999,4,club
7ykxRuzU1KhQC2TZ2YDEyK,Organ Tapes,唱着那无人问津的歌谣 / Chang Zhe Na Wu Ren Wen Jin De Ge Yao,ID,15,203541,False,0.19399999999999998,0.23600000000000002,4,-13.885,0,0.0353,0.271,0.0275,0.0833,0.07,96.48899999999999,4,club
78LblAd8UBW9GUg9L0Xeld,Tom Papa,Human Mule,Whole Foods vs. Costco,22,201233,False,0.505,0.8,5,-14.198,0,0.95,0.773,0.0,0.688,0.24100000000000002,86.96700000000001,4,comedy
3JSltrBE2Pe4lSDOtH5rwO,Ryan Stout,Touché,Logic,20,149506,True,0.526,0.8370000000000001,1,-8.339,0,0.9009999999999999,0.738,2.01e-06,0.6759999999999999,0.363,102.971,3,comedy
4sKqId5IFr8A4CjmdtG01f,Rodney Carrington,Morning Wood,More Of A Man,21,160026,True,0.564,0.43700000000000006,4,-14.237,1,0.161,0.616,0.0,0.337,0.747,175.27,4,comedy
56KrcJePC8P582pi0P2agY,Gary Gulman,The Great Depresh,In Defense of Millenials,20,245876,True,0.506,0.767,2,-13.045,1,0.929,0.828,0.0,0.40299999999999997,0.306,100.238,3,comedy
0kdIImE10HocARiLPkJmQ1,David Guetta;Becky Hill;Ella Henderson,Hit After Hit,Crazy What Love Can Do,0,169756,False,0.601,0.713,4,-3.758,0,0.0449,0.0282,0.0,0.158,0.46399999999999997,122.87200000000001,4,dance
0uzruYGkFgeSevF5kaWq7Y,David Guetta;Becky Hill;Ella Henderson,Daily Pop Mix,Crazy What Love Can Do,0,169756,False,0.601,0.713,4,-3.758,0,0.0449,0.0282,0.0,0.158,0.46399999999999997,122.87200000000001,4,dance
1bBIW9ldf7Ehk0oLeNeTj7,David Guetta;Chris Willis;Fergie;LMFAO,EDM Hits,Gettin' over You - Aviccii's Vocal Mix at Night,0,377013,False,0.624,0.81,1,-8.307,1,0.039,0.0026899999999999997,0.0186,0.16899999999999998,0.271,127.98899999999999,4,dance
6IVJu4WfDBGvzTnutmc9Py,Bruno Mars;Anderson .Paak;Silk Sonic,Slow Down Soul,Love's Train,5,307014,False,0.71,0.625,6,-9.008,0,0.0295,0.028999999999999998,1.1e-05,0.10800000000000001,0.784,140.994,4,dance
4xCM9zy2m4MfsC8EP00rBz,Bruno Mars;Anderson .Paak;Silk Sonic,Hip Hop & R'n'B,Smokin out the Window,0,197442,False,0.627,0.618,2,-8.529,1,0.0437,0.0558,0.0,0.35100000000000003,0.848,82.03,4,dance
4wvrMJx6Y1Vc5ZZ2KR518W,Bruno Mars;Anderson .Paak;Silk Sonic,New RnB,Skate,0,203122,False,0.708,0.598,5,-8.365,1,0.0291,0.037000000000000005,0.0,0.17,0.698,112.027,4,dance
04Rwlix3S6i0JeprqsC8Cx,Bruno Mars;Anderson .Paak;Silk Sonic,20's R'n'B,Love's Train,0,307014,False,0.71,0.625,6,-9.008,0,0.0295,0.028999999999999998,1.1e-05,0.10800000000000001,0.784,140.994,4,dance
1COGvQEAtPxisowBQjZyZ1,Bruno Mars,Music for Rainy Days,It Will Rain,0,257720,False,0.5720000000000001,0.835,2,-6.8260000000000005,1,0.0516,0.337,0.0,0.08199999999999999,0.46799999999999997,150.014,4,dance
4FFtbSBa31aw38ld7zW73Z,Lady Gaga,Halloween Party 2022,Poker Face,0,238906,False,0.851,0.818,4,-4.637,1,0.0789,0.11199999999999999,2.94e-06,0.0945,0.8079999999999999,119.006,4,dance
3IPpVTudk50Hj4VThfdzBP,Sia,Merry Christmas,Snowman,3,165906,False,0.716,0.511,1,-6.257000000000001,1,0.0332,0.483,0.0,0.0928,0.324,104.964,3,dance
0GDAt9fPbs9tPqg2n4ne5u,Charlie Puth;Jung Kook,New Arrivals,Left and Right,0,154486,False,0.8809999999999999,0.5920000000000001,2,-4.898,1,0.0324,0.619,1.32e-05,0.0901,0.7190000000000001,101.05799999999999,4,dance
40z4EMfyGwTp5Tk48mu7Os,Charlie Puth,Music for Rainy Days,One Call Away,0,194453,False,0.667,0.613,1,-5.353,1,0.0345,0.4,0.0,0.115,0.47200000000000003,91.024,4,dance
0tkxzOtc2gvIueuXNFLyfZ,Bebe Rexha;Pink Sweat$;Lunay,20's R'n'B,On the Go,0,179397,False,0.716,0.7090000000000001,11,-4.683,0,0.0529,0.0749,0.0026100000000000003,0.182,0.434,100.059,4,dance
6X17fdWVg6fsBPafs32JJi,Bebe Rexha;Pink Sweat$;Lunay,Midnight Music,On the Go,0,179397,False,0.716,0.7090000000000001,11,-4.683,0,0.0529,0.0749,0.0026100000000000003,0.182,0.434,100.059,4,dance
2xD97n8xCT3uAQ2Y9O7fcN,Bebe Rexha;David Guetta,EDM Hits,Last Hurrah - David Guetta Remix,0,191868,False,0.682,0.711,11,-6.956,0,0.0534,0.105,1.83e-06,0.21,0.597,91.03299999999999,4,dance
0EpO6LZgIlxTUHE2e1ckCa,Tiësto;Ava Max,Hit After Hit,The Motto,0,164818,False,0.754,0.763,7,-4.627,0,0.0435,0.0301,2.23e-05,0.0901,0.46399999999999997,117.95299999999999,4,dance
4e5s77PZaf4ulqs5bFeik9,Tiësto;Charli XCX,Brandneu Dance,Hot in It,0,129817,False,0.748,0.841,7,-5.08,1,0.177,0.00445,1.33e-06,0.0413,0.7170000000000001,123.045,4,dance
3TQmLgeTRbZfabmAEC4Mbe,Kim Petras,Halloween Songs | Witches Hour,There Will Be Blood,2,197651,False,0.563,0.879,0,-4.735,0,0.0907,0.00125,1.76e-05,0.166,0.602,107.01299999999999,4,dance
2bIllkzKKCotWs0AuCsIoh,Burna Boy;Wizkid,2Step - Pop R'n'B,B. D’OR,2,189800,False,0.873,0.6579999999999999,4,-8.031,0,0.10800000000000001,0.008579999999999999,0.0061,0.0999,0.483,104.03299999999999,4,dance
7BDQlgM0pemXy3b4AbpBEp,Burna Boy,Good Vibes,Last Last,1,172342,False,0.795,0.565,3,-4.457,0,0.0948,0.131,0.0,0.0802,0.55,87.925,4,dance
5gk0dcTvWZGg7Tlq8PEfNe,Burna Boy;Stormzy,New RnB,Real Life,0,197933,True,0.594,0.568,0,-7.268,1,0.0701,0.147,4.01e-05,0.33899999999999997,0.40700000000000003,132.34799999999998,5,dance
7lvUf1BLEZuuwhbc9xeR12,Burna Boy,Pop Hits Now,Last Last,0,172342,False,0.795,0.565,3,-4.457,0,0.0948,0.131,0.0,0.0802,0.55,87.925,4,dance
41cDKFuTigPfBWyLYQKMsO,Burna Boy,New Arrivals,Last Last,0,172342,False,0.795,0.565,3,-4.457,0,0.0948,0.131,0.0,0.0802,0.55,87.925,4,dance
2qSnqsLv7b9GbWFhyZJwMM,Burna Boy;Blxst;Kehlani,The Look - R&B Feels,Solid,0,195134,True,0.5539999999999999,0.509,1,-9.429,1,0.33899999999999997,0.149,1.86e-05,0.094,0.718,199.87400000000002,4,dance
2cFjQQ33h8NiQAKqpJGhgd,Burna Boy,20's R'n'B,Last Last,0,172342,False,0.795,0.565,3,-4.457,0,0.0948,0.131,0.0,0.0802,0.55,87.925,4,dance
0t1CW2tjQq45DEdo7thJo1,Burna Boy,Hip Hop & R'n'B,Last Last,0,172342,False,0.795,0.565,3,-4.457,0,0.0948,0.131,0.0,0.0802,0.55,87.925,4,dance
6WzN3h2OjVhmBwnkUNNiGz,Burna Boy;Ed Sheeran,All That Really Matters - Just Hits,For My Hand,0,159123,False,0.87,0.479,9,-7.779,1,0.165,0.161,0.000157,0.209,0.7170000000000001,104.059,4,dance
61f7OTlfrjrZqZc8YZtNGd,Burna Boy;Stormzy,CruiseControl: How I Met The Biggest Bird (DJ Mix),Real Life (Mixed),4,124000,True,0.43700000000000006,0.5920000000000001,0,-9.726,1,0.299,0.18100000000000002,6.45e-06,0.331,0.632,75.493,3,dance
323uxL7lyIOJhkpzZMW5iD,Burna Boy;Lily Allen,Am I Ready - Pop Night Out,Heaven's Gate,0,202446,True,0.845,0.8540000000000001,4,-5.897,0,0.19699999999999998,0.0376,1.4499999999999998e-05,0.34299999999999997,0.636,102.008,4,dance
1JaKuvkBdcr6ym021X2Pq6,Avicii;Agnes;Vargas & Lagola,pov: it's 2019,Tough Love,0,191248,False,0.402,0.755,8,-4.837,1,0.043,0.14300000000000002,0.0,0.35700000000000004,0.622,108.17,4,dance
6KDNxqCFmCGu0yd27xvnSG,Black Eyed Peas,Обратно в клас - pop,I Gotta Feeling,1,289493,False,0.746,0.7929999999999999,0,-5.725,1,0.0265,0.0519,0.0,0.42100000000000004,0.6559999999999999,127.973,4,dance
5fvESB5vBG8Rs3bYkNrbQX,Robin Schulz;Tom Walker,Back to School!,Sun Will Shine,0,201700,False,0.534,0.7140000000000001,6,-6.347,0,0.0629,0.00633,0.0,0.0879,0.415,125.99,4,dance
0XDo1WmF8c70NuTZcMP2FH,Robin Schulz;David Guetta,WORKOUT MOTIVATION,On Repeat,0,190217,False,0.609,0.8009999999999999,1,-8.482999999999999,0,0.0694,0.0246,0.00255,0.37,0.20199999999999999,122.958,4,dance
7795WJLVKJoAyVoOtCWqXN,Sam Smith,In The Lonely Hour,I'm Not The Only One,88,239316,False,0.677,0.485,5,-5.795,1,0.0361,0.529,2.0399999999999998e-05,0.0766,0.493,82.001,4,dance
5ECXNOI8OA9Or0JRogCqTK,Flo Rida,Feeling Good,Good Feeling,0,248133,False,0.706,0.89,1,-4.447,0,0.0687,0.0588,0.00288,0.305,0.685,128.012,4,dance
65VYeetBIq8z0vdDeoTw2l,Mavado,Gangsta For Life: The Symphony Of David Brooks,Squeeze Breast,28,174160,False,0.821,0.6659999999999999,10,-7.129,0,0.135,0.222,0.0,0.14,0.5820000000000001,123.815,4,dancehall
1tljL0wMsgPrmDz3KqpuDT,Nervosa,Perpetual Chaos,Kings of Domination,22,221007,False,0.461,0.9329999999999999,9,-8.366,1,0.0447,4.05e-06,0.0447,0.13,0.12,139.982,4,death-metal
0RNdlFw9TaimQ6syL8rgCh,Seizo,Oh Baby,Oh Baby,55,159895,False,0.695,0.8,8,-5.011,1,0.0345,0.0278,0.00118,0.11800000000000001,0.39,124.022,4,deep-house
6WN6igAeshqOoQu0q2GoJG,Harold van Lennep,Liberation (Re-Edit),Liberation - Re-Edit,54,176156,False,0.6559999999999999,0.759,3,-8.549,1,0.0926,0.313,0.8490000000000001,0.135,0.313,103.015,4,deep-house
1rMc6JsBrfyLx2wgZGofcK,Theo Parrish,Wuddaji,Radar Detector,8,377286,False,0.7979999999999999,0.753,1,-7.877999999999999,1,0.11900000000000001,0.0253,0.934,0.106,0.49200000000000005,121.764,4,detroit-techno
18QDw3hCsKrkPDyTme2kEJ,Aril Brikha,Forever Frost,Tundra - Original Mix,5,406000,False,0.7490000000000001,0.862,5,-11.073,0,0.0476,0.0206,0.912,0.0312,0.8959999999999999,125.995,4,detroit-techno
4CGNLY0PVsVGubWkee0lbO,Benny Martin;The Wong Janice,Lovely (Piano & Cello),Lovely - Piano & Cello,38,180931,False,0.307,0.152,4,-16.993,0,0.035,0.983,0.887,0.14800000000000002,0.16699999999999998,127.512,4,disney
1jJiM8kiIRSZ95xhLmoQZr,Delta Heavy;Koven,FEEL,FEEL,52,220711,False,0.45,0.914,9,-0.513,0,0.0376,0.0121,0.00040199999999999996,0.121,0.424,174.08700000000002,4,drum-and-bass
5fGYsQIipt0ZYwEtcedXDm,High Contrast,Tough Guys Don't Dance,Tread Softly,17,370986,False,0.44,0.968,10,-4.208,0,0.0842,6.56e-05,0.5529999999999999,0.667,0.092,173.081,4,drum-and-bass
5NOds8na1gzgwXlAo1eGoh,Friction;Poppy Baskcomb,I Need To Feel,I Need To Feel,48,216551,False,0.49200000000000005,0.9179999999999999,5,-3.801,0,0.0542,0.00885,0.000662,0.0682,0.0385,173.865,4,drum-and-bass
3lClZfQVRdEHFDSA4LF34K,Netsky;Jimmy Jams,2 Deluxe,Squad Up,16,224639,False,0.513,0.961,7,-3.241,1,0.109,0.0152,2.13e-06,0.17300000000000001,0.45299999999999996,87.054,4,drum-and-bass
76Vru4DRz1zPrr1lpdVYaR,Tritonal,Tritonia 399,Tritonia (Tritonia 399) - Round Up,21,58197,False,0.381,0.78,2,-9.573,1,0.28800000000000003,0.0318,0.0,0.428,0.244,73.557,5,dub
1v4wTGL3HAAUDcLjJXiQWG,Extra Terra,Convergence 2045,Cyberpunk,42,218259,False,0.597,0.92,11,-4.524,1,0.0553,0.00024700000000000004,0.8440000000000001,0.109,0.135,101.975,4,dubstep
6j1yDGV547WxP9NZQ44pUd,Avicii,Autopilot,Wake Me Up - Radio Edit,1,246813,False,0.524,0.807,2,-4.16,1,0.0579,0.00415,0.000834,0.212,0.62,124.12700000000001,4,edm
2MhZbxhjQf9WunW7Jc4kX4,Avicii,Electro sounds,Wake Me Up - Radio Edit,0,246813,False,0.524,0.807,2,-4.16,1,0.0579,0.00415,0.000834,0.212,0.62,124.12700000000001,4,edm
5JDmVwlWTzbwpxm1Qx9oFh,Robin Schulz;David Guetta,From The Ashes - New Beats,On Repeat,0,190217,False,0.609,0.8009999999999999,1,-8.482999999999999,0,0.0694,0.0246,0.00255,0.37,0.20199999999999999,122.958,4,edm
3jbAzLVcHiI5hYSkcKe1Ty,Martin Garrix;G-Eazy;Sasha Alex Sloan,Love Runs Out (feat. G-Eazy & Sasha Alex Sloan),Love Runs Out (feat. G-Eazy & Sasha Alex Sloan),63,164166,False,0.647,0.642,9,-7.306,0,0.0743,0.262,0.0,0.134,0.48,90.045,4,edm
2SU8oUjV8T8BEKqJYbVFou,Rudimental;Anne-Marie;Tion Wayne,Hot Mix Pop,Come Over,1,206657,False,0.797,0.672,8,-6.135,1,0.0477,0.0442,0.0027,0.149,0.561,131.97799999999998,4,edm
6IBcJbetgmkM0tLna5rq1q,twocolors,pov: it's 2021,Bloodstream,0,180619,False,0.586,0.715,11,-5.962000000000001,0,0.159,0.013000000000000001,1.15e-06,0.54,0.59,120.971,4,edm
7y3c1oJMY1CwwtOZ84Qovu,Regard;Years & Years,Hallucination,Hallucination,74,174794,True,0.687,0.7879999999999999,6,-5.142,0,0.0352,0.0121,0.0,0.358,0.669,123.02,4,edm
3dJjsWCy6ZwMfw5NbD226G,Wisin & Yandel;Anthony Santos,Reggeaton Imperdible,Noche De Sexo,1,205773,True,0.721,0.7140000000000001,11,-5.436,0,0.23399999999999999,0.107,0.0,0.562,0.506,94.00200000000001,4,electro
5y0nMZC5kF6uLYaLc97mSo,DJ Snake;J Balvin;Tyga,Fiesta portatil,Loco Contigo,0,185194,False,0.8270000000000001,0.757,6,-2.985,0,0.0564,0.28300000000000003,1.56e-06,0.102,0.374,95.98299999999999,4,electro
4bLCib4WnSGbkPTx6hln2x,Steely Dan,On air 70's Hits,Reelin' In The Years,0,275466,False,0.52,0.758,2,-9.92,1,0.0363,0.115,0.0,0.109,0.706,135.349,4,folk
4DAR1lX8D0pFUWmjrlnMro,Bonde do gato preto,São João do Gato Preto,Fogo Sem Fuzil,40,132075,False,0.71,0.79,8,-2.452,1,0.0641,0.627,0.0,0.0784,0.917,180.26,4,forro
6U3aPT60I5xFkVybFIMYrE,Eric Land,Cidade Inteira,Cidade Inteira,38,233546,False,0.419,0.8140000000000001,7,-7.922999999999999,1,0.0386,0.381,0.00742,0.134,0.7979999999999999,111.98200000000001,5,forro
5uuFQR6tOujYUK5LteeV0Q,Amel Bent,Délit Mineur,Je reste,33,196853,False,0.589,0.715,0,-5.775,1,0.0344,0.28600000000000003,0.0,0.205,0.628,144.012,4,french
623TdbJc1yLr8dIepsFV2v,Zedd;Maren Morris;Grey,Queda poco para la PAES,The Middle,0,184732,False,0.753,0.657,7,-3.0610000000000004,1,0.045,0.17300000000000001,0.0,0.11199999999999999,0.435,107.01299999999999,4,german
4HGq8ZzrPOtXxNEXN4XGFu,Zedd;Alessia Cara,Beginner Ride (Mixtape Vol. 1),Stay,0,210400,False,0.6890000000000001,0.623,5,-5.025,0,0.0621,0.254,0.0,0.113,0.546,101.99799999999999,4,german
2k07yELPvHZEqwdRzROUpc,Hans Zimmer;Adam Lukas;James Everingham;AURORA,Frozen Planet II (Original Television Soundtrack),Losing Ice,29,146053,False,0.0898,0.23199999999999998,9,-17.636,0,0.0451,0.743,0.943,0.10400000000000001,0.0345,85.811,4,german
2XWUx6XUxQ8wssuwKzISgN,Hans Zimmer;Adam Lukas;James Everingham,Frozen Planet II (Original Television Soundtrack),Fidgety Bedfellow,31,109388,False,0.365,0.218,0,-19.379,0,0.0383,0.7609999999999999,0.799,0.11800000000000001,0.0572,80.911,5,german
1SqYuY5S4sRHcccnjckhhm,Hans Zimmer;Adam Lukas;James Everingham,Frozen Planet II (Original Television Soundtrack),Hunting Grounds,26,244494,False,0.111,0.284,2,-15.98,1,0.038,0.396,0.95,0.0726,0.0787,180.118,3,german
02KmEChUwcjxG3G29kbLFT,Hans Zimmer;Henning Lohner;Martin Tillman;Fiachra Trench,Hans Zimmer: Epic Scores,Shelter Mountain,16,250520,False,0.14400000000000002,0.262,9,-21.228,1,0.0641,0.8759999999999999,0.755,0.14400000000000002,0.0345,94.43,4,german
04TwPJDhekbMYYKU5eiOsH,Hans Zimmer,Hans Zimmer: Epic Scores,Main Theme [Rain Man] - Edit,27,288600,False,0.188,0.28,9,-21.956999999999997,0,0.0348,0.11,0.878,0.0926,0.177,165.838,4,german
6IzTjoU9t5DiBN4BmiWBB8,Hans Zimmer;Henning Lohner;Martin Tillman;Fiachra Trench,Hans Zimmer: Epic Scores,She Never Sleeps,24,137400,False,0.358,0.136,2,-19.801,1,0.0375,0.0019,0.852,0.253,0.0728,72.661,4,german
3yHLLuFASZSOohpEaiU5V7,Hans Zimmer;Lisa Gerrard;Gavin Greenaway;The Lyndhurst Orchestra,Hans Zimmer: Epic Scores,"Rome Is The Light - From ""Gladiator"" Soundtrack",20,163706,False,0.266,0.34,7,-14.455,1,0.0447,0.609,0.004379999999999999,0.11,0.0722,119.053,4,german
0jI5ex80hYYbLQsX3G5Ze7,Hans Zimmer;Henning Lohner;Martin Tillman;Fiachra Trench,Hans Zimmer: Epic Scores,The Well,12,684626,False,0.235,0.0975,9,-25.217,0,0.0345,0.946,0.828,0.107,0.0361,145.033,3,german
6dRsdEZecjy9nbGPYxLaPL,Hans Zimmer;Gavin Greenaway;The Lyndhurst Orchestra,Hans Zimmer: Epic Scores,"Honor Him - From ""Gladiator"" Soundtrack",27,79840,False,0.19399999999999998,0.105,6,-23.824,0,0.0418,0.857,0.884,0.11699999999999999,0.0392,68.08,4,german
2W0U2k7mG3pjeavi6FK27N,Hans Zimmer;Lisa Gerrard;Gavin Greenaway;The Lyndhurst Orchestra,Hans Zimmer: Epic Scores,"The General Who Became A Slave - From ""Gladiator"" Soundtrack",20,183293,False,0.259,0.222,6,-22.052,0,0.0313,0.017,0.79,0.11199999999999999,0.0909,99.882,3,german
2f89mnDIEGKgEwh3l94W7n,Hans Zimmer,Hans Zimmer: Epic Scores,Ashes To Ashes,16,283293,False,0.36200000000000004,0.395,9,-15.398,1,0.0401,0.151,0.835,0.11199999999999999,0.0288,99.993,3,german
5sP7Jb0FBF2fatb1CZ3zpa,Hans Zimmer;Lisa Gerrard;Gavin Greenaway;The Lyndhurst Orchestra,Hans Zimmer: Epic Scores,"The Gladiator Waltz - From ""Gladiator"" Soundtrack",12,505200,False,0.33899999999999997,0.429,8,-15.440999999999999,1,0.0472,0.159,0.903,0.109,0.23800000000000002,171.495,3,german
3TpjrKlVHnR6KdSPc0CUOn,Hans Zimmer;Adam Lukas;James Everingham;AURORA,Frozen Planet II (Original Television Soundtrack),Scars of the Earth,25,146667,False,0.0608,0.11900000000000001,5,-20.289,0,0.0421,0.902,0.9740000000000001,0.087,0.0315,63.661,4,german
5At4JXNbsbGcmPoH67fULT,Hans Zimmer;Lisa Gerrard;Gavin Greenaway;The Lyndhurst Orchestra,Hans Zimmer: Epic Scores,"Secrets - From ""Gladiator"" Soundtrack",24,119293,False,0.166,0.0367,9,-31.02,1,0.0501,0.877,0.987,0.10099999999999999,0.0266,132.84799999999998,3,german
6IzTjoU9t5DiBN4BmiWBB8,Hans Zimmer;Henning Lohner;Martin Tillman;Fiachra Trench,Hans Zimmer: Epic Scores,She Never Sleeps,24,137400,False,0.358,0.136,2,-19.801,1,0.0375,0.0019,0.852,0.253,0.0728,72.661,4,german
0KF7oxjAZ2upNsW6m30iT5,Hans Zimmer;Richard Harvey,Hans Zimmer: Epic Scores,Fructus Gravis,21,169560,False,0.0892,0.11699999999999999,0,-20.242,1,0.0469,0.591,0.812,0.324,0.0368,72.35,4,german
50XBRLPcMBn5vQFN1m6tLI,Hans Zimmer;Henning Lohner;Martin Tillman;Fiachra Trench,Hans Zimmer: Epic Scores,This Is Going To Hurt,21,167133,False,0.23399999999999999,0.381,2,-20.132,1,0.0875,0.8009999999999999,0.87,0.138,0.0384,179.984,3,german
6VLOveGOgEGUwtodsFcXP3,Hans Zimmer,Hans Zimmer: Epic Scores,Mogadishu Blues,21,173520,False,0.489,0.105,7,-20.021,1,0.0442,0.6990000000000001,0.728,0.0724,0.0806,99.399,4,german
1IwUhWG4Cp5808qsErE7PU,Hans Zimmer;Lisa Gerrard;Gavin Greenaway;The Lyndhurst Orchestra,Hans Zimmer: Epic Scores,"Busy Little Bee - From ""Gladiator"" Soundtrack",18,227800,False,0.109,0.0857,1,-27.12,1,0.0395,0.723,0.294,0.131,0.0353,81.885,4,german
0jI5ex80hYYbLQsX3G5Ze7,Hans Zimmer;Henning Lohner;Martin Tillman;Fiachra Trench,Hans Zimmer: Epic Scores,The Well,12,684626,False,0.235,0.0975,9,-25.217,0,0.0345,0.946,0.828,0.107,0.0361,145.033,3,german
3DKI4ZKPLQb1Pk2uTR1zR0,Hans Zimmer;Richard Harvey,Hans Zimmer: Epic Scores,Rose Of Arimathea,12,491773,False,0.0669,0.021,10,-27.525,1,0.0413,0.922,0.903,0.10099999999999999,0.0363,74.952,3,german
78inOqr5FIoUQisujuI98j,Hans Zimmer;Lebo Morake;Lebo M.;Keswa,Hans Zimmer: Epic Scores,Lea Halalela [The Lion King],13,359840,False,0.273,0.527,9,-12.993,0,0.0767,0.47,0.000762,0.648,0.242,160.292,4,german
7oWwsoYwHZhfAz54z99k9b,Hans Zimmer;Orchestra,Hans Zimmer: Epic Scores,Suite [Nine Months],11,313880,False,0.0621,0.19,5,-18.785,1,0.0398,0.883,0.853,0.688,0.0518,62.983000000000004,4,german
6yvP7U0E9awMyxTSSFo2at,Hans Zimmer;Heitor Pereira,Hans Zimmer: Epic Scores,Nyah And Ethan [Mission: Impossible 2],14,407586,False,0.354,0.276,11,-17.697,0,0.0457,0.86,0.883,0.693,0.187,94.46,3,german
5sP7Jb0FBF2fatb1CZ3zpa,Hans Zimmer;Lisa Gerrard;Gavin Greenaway;The Lyndhurst Orchestra,Hans Zimmer: Epic Scores,"The Gladiator Waltz - From ""Gladiator"" Soundtrack",12,505200,False,0.33899999999999997,0.429,8,-15.440999999999999,1,0.0472,0.159,0.903,0.109,0.23800000000000002,171.495,3,german
54oEOJSjmvxNN8NzgzDsJq,Sarah Connor,All I Want For Christmas Is You,Christmas In My Heart,0,288440,False,0.649,0.517,9,-5.227,0,0.0273,0.54,0.0,0.0601,0.185,119.96799999999999,4,german
359PHdNHrEdBeFXzLC7TJJ,Mickie Krause,Ballermann Hits Party 2023,Für Dich,0,229740,False,0.643,0.996,5,-2.635,1,0.0775,0.0059,0.0,0.163,0.382,139.966,4,german
75WqM7UN2eS7Bu7qhJ2UmZ,Mickie Krause,Ernte 2k23,Geh mal Bier hol'n - GmBh,0,187053,False,0.612,0.997,1,-2.524,1,0.204,0.0185,0.0,0.335,0.545,139.989,4,german
1Il91bqC3Foqjfdh1IunFU,Mickie Krause,Best Of Karneval,Mich hat ein Engel geküsst,0,227026,False,0.527,0.993,9,-2.68,1,0.273,0.109,0.0,0.961,0.546,133.135,4,german
2KqyN0BfxznJIeWxGxXHm5,Mickie Krause,Best Of Karneval,"Biste braun, kriegste Fraun - Version 2015",0,185217,False,0.8190000000000001,0.708,0,-4.706,1,0.0605,0.0157,8.62e-05,0.081,0.363,127.992,4,german
3KN8XPsoTfqgBROxNW6Gce,K.I.Z,Hahnenkampf,Ellenbogengesellschaft (Pogen),40,221853,False,0.612,0.737,7,-6.332000000000001,1,0.322,0.0122,0.0,0.08,0.597,182.17700000000002,4,german
1YOjbom11usDpFDWNuX2dM,Nizi19;Karamel19,Pass,Pass,38,163000,True,0.736,0.664,1,-7.117999999999999,0,0.309,0.11599999999999999,0.0,0.107,0.603,130.064,4,german
6WZgvrMyl5WHchJ2YBcEwH,Sean Finn;Amanda Wilson;Vol2Cat,"Naked House, Vol. 3",For Tonight - Vol2Cat Remix,0,238285,False,0.747,0.728,4,-4.785,0,0.0521,0.0376,0.0173,0.0714,0.6940000000000001,125.99600000000001,4,german
0uQDZlrvOS4ZuKhJulZUdO,Sean Finn;David Moore,"Swanky Club House, Vol. 1",Let You Go - Radio-Edit,0,228810,False,0.746,0.642,0,-4.534,1,0.0413,0.000962,0.0043,0.0508,0.8190000000000001,127.994,4,german
3D3B4x1xSCyZkFwxuTvCSr,Tube & Berger;Alegant,"Disco Disko, Vol. 2",Come Closer Girl - Retrolove Edit,0,178264,False,0.626,0.809,8,-6.709,0,0.0364,0.00187,0.153,0.429,0.38299999999999995,123.98299999999999,4,german
07rWaFwTzLkyWg2zfQ30ni,Sérgio Lopes,O Amor de Deus,Entre Nós Outra Vez,40,374400,False,0.474,0.499,9,-9.081,0,0.0286,0.499,3.74e-06,0.6559999999999999,0.161,76.021,4,gospel
46IooGCO1Djy8X4a5Rm7yG,Roffe Ruff,Och han älskade dom alla,Krokodiltårar,25,179500,False,0.8,0.631,1,-7.011,1,0.21100000000000002,0.10400000000000001,0.0,0.366,0.67,83.00399999999999,4,goth
6FBOCvFNx6C0f6tW6WrqoK,Napalm Death,From Enslavement To Obliteration,Mentally Murdered,13,133893,False,0.177,0.89,2,-8.5,1,0.0519,1.3e-06,0.9520000000000001,0.18600000000000003,0.48200000000000004,106.17,4,grindcore
66NRh7qjqbU0GaIuuK8NyP,Brutal Truth,Sounds of the Animal Kingdom / Kill Trend Suicide,K.A.P.,12,83240,False,0.14400000000000002,0.8370000000000001,2,-3.0439999999999996,1,0.0829,3.11e-06,0.887,0.682,0.0306,94.09899999999999,4,grindcore
6qrjTwGCB0fnixuaXi7JLQ,Novo Som;Catedral,Mais Que Amigos = Irmãos (Ao Vivo),Escrevi - Ao Vivo,29,301306,False,0.262,0.736,0,-4.306,1,0.036000000000000004,0.155,0.0,0.8109999999999999,0.217,140.322,4,groove
7A9EaHBlR4gLqDzeJGumYa,Mpirgkel,Bubbles (Radio Mix),Bubbles - Radio Mix,39,166857,False,0.733,0.45799999999999996,4,-12.526,0,0.105,0.166,1.3699999999999998e-05,0.0868,0.166,104.98100000000001,4,groove
0dIipTYASaFwX1QxVrVFV7,Pearl Jam,Yield,Do the Evolution,61,231253,False,0.466,0.981,10,-5.011,1,0.063,0.00041,0.0108,0.0673,0.325,140.643,4,grunge
2269gvVfETAflSDZIlvqN6,Little Symphony,Serenity,Keyne,27,49523,False,0.19899999999999998,0.11800000000000001,0,-23.406999999999996,1,0.0546,0.608,0.602,0.11800000000000001,0.16399999999999998,123.353,5,guitar
0gdt4Gs2hRmOm7kbKXhXVj,DJ Isaac,Go Insane,Go Insane (Original Radio Mix),21,209890,False,0.703,0.981,6,-5.76,1,0.187,0.0006889999999999999,0.439,0.0832,0.109,141.007,4,happy
17lu4tymfnhmcIDlzBbtAb,AC/DC,For Those About to Rock (We Salute You),For Those About to Rock (We Salute You),67,344240,False,0.37,0.919,4,-5.721,1,0.102,0.000376,0.419,0.49,0.47100000000000003,134.02100000000002,4,hard-rock
7b4yGtR0rujvLi5EBfKKJ2,Eddie Money,Can't Hold Back,Take Me Home Tonight,70,211160,False,0.608,0.768,1,-9.911,1,0.0364,0.10099999999999999,1.41e-06,0.0942,0.748,132.69899999999998,4,hard-rock
7vDaCNHW2KUUNZrxiYeRnD,He Is Legend,It Hates You,Everyone I Know Has Fangs,30,205786,False,0.337,0.966,1,-4.816,1,0.16699999999999998,1.75e-05,0.731,0.182,0.5670000000000001,176.003,4,hardcore
0aSdsoufzNzGKFkRTkBYzM,Gunz For Hire,Bella Ciao,Bella Ciao,52,198271,False,0.345,0.9540000000000001,10,-1.337,0,0.18100000000000002,0.0143,0.0,0.11,0.24600000000000002,77.411,4,hardstyle
6ra25IjyymNXs7FIurUj5o,D-Block & S-te-Fan,Music Made Addictz,Dreamers Of Dreamz,21,243082,False,0.552,0.9209999999999999,10,-5.881,0,0.04,0.000758,0.802,0.259,0.193,147.994,4,hardstyle
204523f9MSgEfc0oDJycNS,Accept,Restless And Wild,Fast as a Shark,49,228666,False,0.431,0.95,2,-11.399000000000001,1,0.11699999999999999,0.000109,0.248,0.23199999999999998,0.162,140.04399999999998,4,heavy-metal
0zLv81RNFByXTZ3wu91y1R,Rata Blanca,"Col 2x1: Magos, Espadas Y Rosas / Guerrero Del Arco Iris",Mujer Amante,50,363120,False,0.49700000000000005,0.649,11,-10.205,0,0.0334,0.0145,3.78e-06,0.0477,0.5670000000000001,115.35700000000001,4,heavy-metal
1rhSz40cKH9mzrlJKhg0E4,Daddy Yankee;Plan B,FELIZ CUMPLEAÑOS,Sábado Rebelde,7,240266,False,0.7709999999999999,0.905,6,-3.2680000000000002,0,0.155,0.11,7.46e-06,0.6559999999999999,0.858,163.97799999999998,4,hip-hop
1dVZeuQFWzSI22d3hPEncI,Daddy Yankee;El Alfa;Lil Jon,Feliz Cumpleaños con Perreo,BOMBÓN,8,182413,True,0.843,0.789,7,-2.801,1,0.247,0.0028,2.4100000000000003e-05,0.0322,0.5710000000000001,125.071,4,hip-hop
2T1SNgLERipx3n6iVTeHZA,Daddy Yankee;Nicky Jam;Plan B;Rome & Urba,Halloween 2022 Perreo Vol. 1,Shaky Shaky - Remix,4,234560,False,0.813,0.7859999999999999,6,-4.133,0,0.154,0.107,0.0,0.23800000000000002,0.828,175.908,4,hip-hop
5oibpY8nzNR2uCPKMzLeK0,Kodak Black,Walk in the Park Rap,Calling My Spirit,0,152000,False,0.9179999999999999,0.36200000000000004,1,-9.943,1,0.0905,0.11599999999999999,0.0,0.263,0.7440000000000001,120.007,4,hip-hop
5Re7Mp8Bh2ldBx61DSxU0M,Lizzo,Pop Brandneu,About Damn Time,0,191822,True,0.836,0.743,10,-6.305,0,0.0656,0.0995,0.0,0.335,0.722,108.96600000000001,4,hip-hop
57gHJpELHEZjwbgnkAV90t,Lizzo,The Look - R&B Feels,Special,0,174398,True,0.517,0.7070000000000001,7,-5.474,1,0.0693,0.0164,0.0,0.45299999999999996,0.264,82.859,4,hip-hop
7AvznBJ8YXUMZ8rPTukUAJ,Lizzo,Good Enough - Easy Pop,Truth Hurts,0,173325,True,0.715,0.622,4,-3.0460000000000003,0,0.111,0.11,0.0,0.12300000000000001,0.40700000000000003,158.088,4,hip-hop
6d9PUQV8z4XFFot8HVlrBY,Lizzo,Upbeat Pop,2 Be Loved (Am I Ready),0,187107,False,0.721,0.769,7,-4.111000000000001,1,0.105,0.0922,0.0,0.0817,0.915,155.93200000000002,4,hip-hop
3uRrymHwcED49Q4fAnJJgD,Lizzo;DaBaby,Energy Hip Hop,Truth Hurts - DaBaby Remix,0,197610,True,0.706,0.627,4,-2.94,0,0.20199999999999999,0.193,0.0,0.126,0.38,158.041,4,hip-hop
5K9SD8F6EysPm6tI7nX0pe,Pete Bernhard,Harmony Ascension Division,Can't Find You,14,208266,False,0.628,0.27399999999999997,0,-13.505999999999998,1,0.0353,0.847,0.000233,0.11800000000000001,0.237,152.07399999999998,4,honky-tonk
1Gq8yiUXhSwGeds7X7VyWW,George Jones,More Starday & Musicor Originals,Sometimes You Just Can't Win,13,142880,False,0.43,0.139,5,-18.666,1,0.0283,0.852,0.00316,0.113,0.298,73.426,4,honky-tonk
7o68KX6XyCS9lydBTH6TCP,George Jones,Best Of,White Lightning - Single Version,52,165453,False,0.583,0.8,10,-9.689,1,0.0909,0.706,0.0,0.122,0.958,74.056,4,honky-tonk
7zBY3YjvcdkpbHIUx0fe5Q,Hank Williams,Hank Williams As Luke The Drifter (Expanded Edition),Everything's Okay,12,172026,False,0.607,0.37799999999999995,7,-13.581,1,0.14800000000000002,0.8370000000000001,0.0,0.0752,0.87,73.72800000000001,4,honky-tonk
53oMTo3YvCRB4mDmqCck2p,George Jones,Greatest Hits from the King of Country,A Lifetime to Regret,13,164000,False,0.462,0.366,5,-10.908,1,0.0271,0.866,0.00982,0.115,0.669,108.042,4,honky-tonk
1M63dvMiyRk0T4rPLfhHa1,George Jones,All-Time Greats (Original Musicor Records Recordings),The Race Is On,11,126466,False,0.6509999999999999,0.461,9,-13.706,1,0.0376,0.711,0.0,0.185,0.915,88.09700000000001,4,honky-tonk
66hVH7Tdw3RJ6X97QkTLkF,George Jones,George Jones - Duets From Musicor Records (Original Musicor Records Recordings),Party Pickin',11,146213,False,0.7909999999999999,0.451,2,-13.314,1,0.038,0.807,0.0,0.134,0.965,127.32799999999999,4,honky-tonk
00JZ83w0Qm09f4PwWj06sM,George Jones,With Love,A Good Year For The Roses,12,190546,False,0.491,0.33399999999999996,11,-9.684,1,0.0287,0.659,1.6e-05,0.11599999999999999,0.249,91.67399999999999,4,honky-tonk
5cA8x7k6EEHgCfg5bN9xK3,Hank Williams;Drifting Cowboys,The Original Singles Collection . . . Plus,I Saw The Light,11,164800,False,0.341,0.244,7,-12.502,1,0.032,0.948,9.449999999999999e-05,0.221,0.526,204.28799999999998,4,honky-tonk
4RRWdUBfKdN8SdPOIiu9by,George Jones,Too Wild Too Long,New Patches,11,193373,False,0.618,0.342,0,-13.925,1,0.0292,0.345,0.00045099999999999996,0.10400000000000001,0.425,108.177,4,honky-tonk
2CzSTQKg7RNomVePzk2NN9,George Jones,Wrong Number,I Can't Get Used To Being Lonely,12,156120,False,0.496,0.193,10,-14.424000000000001,1,0.0292,0.8170000000000001,0.0,0.18899999999999997,0.51,109.141,4,honky-tonk
3yTH2SF9KL6mQwVxezaBKN,George Jones,Fine Country Wine,Heartaches And Hangovers,12,134666,False,0.483,0.5329999999999999,9,-12.519,1,0.0424,0.40299999999999997,0.0,0.23800000000000002,0.852,156.817,4,honky-tonk
2zhL0n71GK0lhgDc83VT9A,Pete Bernhard,Harmony Ascension Division,Long Night,10,184973,False,0.805,0.273,4,-15.269,1,0.0629,0.8640000000000001,0.000226,0.10800000000000001,0.265,115.04799999999999,4,honky-tonk
4fVI8mVwMG6MtcoXvNPlME,Pete Bernhard,Harmony Ascension Division,Waiting for You,10,216920,False,0.7020000000000001,0.273,0,-17.0,1,0.0324,0.858,0.344,0.11699999999999999,0.313,132.054,4,honky-tonk
3ot7yfRXpFYYmBBZ8XrM2f,George Jones,Too Wild Too Long,I'm a Survivor,10,190213,False,0.506,0.27899999999999997,8,-13.727,1,0.0271,0.7290000000000001,3.01e-06,0.187,0.313,89.825,3,honky-tonk
2HyijvbsWtIgLt3nSxPYML,Hank Williams,The Ultimate Collection,Please Make Up Your Mind - Single Version,11,169840,False,0.6629999999999999,0.237,4,-14.214,1,0.0793,0.828,0.0,0.136,0.733,95.99799999999999,4,honky-tonk
4TmHHLuww0oL4G0UyrMVEm,George Jones,Image Of Me,These Hands,10,169306,False,0.449,0.243,11,-11.610999999999999,1,0.0299,0.7959999999999999,7.49e-06,0.0983,0.23,78.39699999999999,3,honky-tonk
7p9gx9CPDuNJZqAsP9SVN7,Hank Williams,The Unforgettable Hank Williams,My Love For You (Has Turned To Hate),10,163026,False,0.413,0.39899999999999997,0,-8.679,1,0.0293,0.6509999999999999,0.001,0.17,0.7070000000000001,145.398,4,honky-tonk
05CrXeNWBptDD2zLAOaf2A,Hank Williams,The Complete Hank Williams,Faded Love And Winter Roses,11,117573,False,0.439,0.255,4,-13.475999999999999,1,0.0297,0.9259999999999999,0.0,0.27,0.39799999999999996,133.245,4,honky-tonk
5Ewv1Onq6GMnoWxyuChLIW,NEIKED;Mae Muller;Polo G,Mega Hits Autumn/Fall 2022,Better Days,1,160656,False,0.7170000000000001,0.6709999999999999,0,-5.077,0,0.0337,0.0018,2.54e-06,0.0921,0.6990000000000001,110.054,4,house
6bpQHub3JTcxtKUnJNbcnW,Daisuke Tanabe,Cat Steps,cat step,31,274125,False,0.696,0.6559999999999999,6,-9.346,0,0.109,0.426,0.8590000000000001,0.062,0.494,159.997,4,idm
1HgMMME0o7usgpIljGNiUS,Seekae,The Sound Of Trees Falling On People,Halley Wars,7,134360,False,0.713,0.6940000000000001,4,-8.52,0,0.0833,0.624,0.851,0.10099999999999999,0.0362,129.869,4,idm
3ksl6hn7Ya34q5K3cl7w9I,It's DPK,Let Me Down Slowly X Aaya Na Tu (Lofi Mix),Let Me Down Slowly X Aaya Na Tu - Lofi Mix,60,179017,False,0.441,0.55,1,-11.335,0,0.0792,0.24100000000000002,0.000202,0.139,0.172,119.95299999999999,4,indian
7MLWLQSOUQc9sAghrNim6j,Stevie Wonder,Rock Christmas 2022 - The Very Best Of,What Christmas Means To Me - Single Version / Mono,0,148146,False,0.545,0.7,5,-6.961,1,0.0323,0.0982,0.0,0.1,0.799,83.506,4,indie
5se0sLcaUymYKRUm0lCBgt,Vaibhav Bundhoo;Kamakshi Khanna,Kota Factory: Season 2 (Music from the Netflix Series),Tere Jaisa,41,312000,False,0.511,0.21899999999999997,2,-20.59,1,0.0457,0.91,0.00229,0.0946,0.23399999999999999,168.051,3,indie
0pH9ckmrcCM6O0MTart24w,Devin Kennedy,"You & Me, That's Enough",Something Bout That Feeling,64,132688,False,0.69,0.397,5,-6.513999999999999,1,0.0453,0.064,0.0,0.0784,0.772,203.72299999999998,4,indie
7fTfvDlOUf0etaphlgUegi,Farzad Golpayegani,Eight,Diverge,3,270153,False,0.34299999999999997,0.531,11,-8.501,0,0.0301,0.799,0.8640000000000001,0.34299999999999997,0.0569,138.024,4,iranian
4LFlYEavfqhauvX6q2IcH4,Farzad Golpayegani,Seven,Bring You Pain,4,271413,False,0.237,0.9590000000000001,11,-3.978,0,0.153,0.21100000000000002,0.8170000000000001,0.0787,0.423,155.662,4,iranian
1EXc4lSFTbktmqWksJLgke,Nyctalllz,Visions of Darkness: Volume II,The Curse of the White Demon,1,415517,False,0.237,0.38,2,-14.322000000000001,1,0.0358,0.599,0.875,0.174,0.0464,112.65,4,iranian
1lQLxZODSaf2W1KBzH3hne,Kahtmayan,Resurrection 1,Resurrection,4,275644,False,0.5820000000000001,0.97,4,-3.26,0,0.0781,0.000258,0.00033,0.062,0.151,120.035,4,iranian
2OxysySr6uOToqnrf0tlAq,Kahtmayan,Virtual existence,Irreversible,0,406240,False,0.39299999999999996,0.965,6,-5.132999999999999,0,0.122,0.000199,0.7879999999999999,0.0898,0.33,159.982,4,iranian
5NF0LZXnT008vwJiNbvwtr,Azooma,The Act of Eye,Act 2 - Umbra of Mirth,0,467826,True,0.226,0.988,0,-6.7170000000000005,1,0.2,0.00337,0.897,0.545,0.0721,159.96,4,iranian
6JU9PUGD025Yb2A9NbyNLZ,Out of Nowhere,Man Made Disaster,Masturbation,0,312657,True,0.498,0.862,1,-2.344,1,0.0528,0.000173,0.0,0.0778,0.39799999999999996,125.005,4,iranian
0xsbEfKgnxpXs1IRAbEnUY,DSM,Nowruz,Nowruz,0,259970,False,0.23600000000000002,0.0463,0,-26.831,0,0.042,0.927,0.815,0.10300000000000001,0.0325,121.53200000000001,3,iranian
2pkaCaIs2ZiKTSzPfcOI5B,Shivered,Journey to Fade,Journey to Fade,0,315842,False,0.5579999999999999,0.8370000000000001,1,-4.962,0,0.0273,0.00011,0.0246,0.107,0.44799999999999995,140.001,4,iranian
6392PdXvZN8BOjcRxvkKO6,Spuntic,Hybrid Source,Outlined,0,348133,False,0.21899999999999997,0.124,9,-21.633000000000003,1,0.0482,0.909,0.927,0.188,0.0381,77.691,5,iranian
0Xyy5ASa9iuqIgzH2mY9T6,Garhelenth,The Mysterious Kingdom,Paradox Existence,0,269423,False,0.125,0.677,8,-9.416,1,0.048,1.68e-06,0.0056,0.382,0.299,96.51700000000001,4,iranian
5nxmwuDelvrQPTofGhF6nk,From The Vastland,Kamarikan,Kamarikan,0,360875,False,0.289,0.539,10,-7.317,1,0.15,0.000126,0.9159999999999999,0.111,0.0391,119.898,4,iranian
7a6dKghXRh8XAiwJAdigfG,SWAY;EXILE SHOKICHI;SALU,UNCHAINED,Never Say Goodbye,23,211413,False,0.615,0.915,1,-3.56,0,0.0582,0.0394,0.0,0.243,0.354,105.001,4,j-dance
0oR2mFp2QwxuHCuMHot6HQ,Masicka;Dunw3ll,Roll Clean - Single,Roll Clean,23,150315,True,0.7020000000000001,0.9129999999999999,1,-3.385,1,0.218,0.171,0.0,0.297,0.632,95.00399999999999,4,j-dance
3NSKJ8RZVLbK5j187CNoC2,Jahshii,Dancehall Night Riddim,Dem Nuh Bad,20,106800,True,0.6890000000000001,0.584,0,-7.379,1,0.48200000000000004,0.113,0.0,0.0749,0.701,126.54700000000001,5,j-dance
10l4eK1EkaXCV5xHfx0jgd,Pamputtae;Bounty Killer;Esco Da Shocker,Set Right,Set Right,10,183672,True,0.698,0.7240000000000001,1,-5.577000000000001,1,0.44799999999999995,0.13699999999999998,0.0,0.326,0.8490000000000001,126.554,5,j-dance
4j0j42ap28XZZQr9SQz9nU,Beenie Man;Blakk Man,Imac Riddim,Real Bad Man - Radio Edit,20,194616,False,0.7170000000000001,0.795,8,-4.198,1,0.29100000000000004,0.0298,2.33e-06,0.133,0.792,133.673,5,j-dance
1nh7P8enZRROQ5WA7HqTDp,Vybz Kartel,Exclusivity (Remastered),Blackberry - Remastered,35,187000,True,0.84,0.8370000000000001,6,-6.223,1,0.228,0.53,0.0,0.0546,0.718,105.006,4,j-dance
6iNOsIMBxXGOZnFqCMkC6N,Vybz Kartel,Round Corna,Round Corna,18,129890,True,0.8009999999999999,0.946,1,-1.02,1,0.364,0.0833,0.0,0.171,0.39,101.865,4,j-dance
2nAeK63zz8YGcufGW16Y58,TACOYAKI RAINBOW,絶唱!なにわで生まれた少女たち (Special Edition),絶唱!なにわで生まれた少女たち,18,274413,False,0.61,0.953,10,-1.0759999999999998,1,0.102,0.136,0.000218,0.371,0.39799999999999996,150.016,4,j-idol
5uNnGViAuZIkoUhVwmFWlr,Norah Jones,Coffee Break,Shoot The Moon,1,237173,False,0.573,0.265,0,-12.436,1,0.027000000000000003,0.903,0.0015199999999999999,0.094,0.425,74.031,4,j-pop
7bdROC1GostP0gWqEP8P2h,Norah Jones,Christmas Dinner,It's Not Christmas 'Til You Come Home - Recorded At Spotify Studios NYC,0,192420,False,0.473,0.068,0,-20.033,1,0.0315,0.892,0.00216,0.105,0.262,93.777,3,j-pop
7AHF3V7qRPhZV7gzJLZ3CL,Lester Young,The Complete Aladdin Recordings Of Lester Young,These Foolish Things - Remastered 1995,55,190933,False,0.593,0.10300000000000001,10,-14.960999999999999,1,0.081,0.986,0.6,0.12,0.44299999999999995,66.283,4,jazz
6EfGUQtLk3xVc64tk8ihTL,Ilaiyaraaja,Muthal Mariyathai (Original Motion Picture Soundtrack),Hey Kiliyirukku,46,68205,False,0.8029999999999999,0.5720000000000001,0,-9.308,1,0.205,0.8109999999999999,0.0033799999999999998,0.0962,0.79,112.478,3,k-pop
1BSqyq83kxnA3oDf4eXLVX,Poop Emoji,Best Nintendo Music,The Paper Mario Origami King Song,14,69333,False,0.8029999999999999,0.53,5,-7.817,1,0.142,0.17,1.34e-06,0.25,0.659,89.984,4,kids
19Y7tHKAr0wvBXrTgOYNrs,Hip Hop Harry,Nursery Rhymes (Bonus Tracks),Old MacDonald Had a Farm,11,122853,False,0.773,0.879,11,-2.418,0,0.0499,0.00614,3.41e-06,0.28300000000000003,0.6859999999999999,105.984,4,kids
4OJXEwWF5CKqWmCRx8vuks,The Party Cats,Kids Dance Party: Halloween Jams,Theme From The Addams Family,11,103813,False,0.898,0.431,5,-11.645,1,0.0708,0.198,0.0007599999999999999,0.040999999999999995,0.9,120.052,4,kids
7qVBYfgJLi0itgP6afvrf8,Christopher Zondaflex Tyler,Hip Hop Dance for Beginners,Everybody Have a Seat,8,77297,False,0.8759999999999999,0.41200000000000003,1,-15.764000000000001,1,0.0742,0.0042,0.0,0.0772,0.872,119.928,4,kids
5n1KwNkJXixrG3HK0tq5Cy,Ray Remesch,"EFlashApps Nursery Rhymes, Vol. 3",Turkey in the Straw,8,71409,False,0.8270000000000001,0.6679999999999999,5,-5.479,1,0.048,0.794,0.0,0.12,0.9490000000000001,102.35,4,kids
5bwnexvD5cm2E7Wl75mQ1x,Blake Rules;Netherfriends,Kids Trap 8,Breakfast Time,8,160000,False,0.975,0.43200000000000005,0,-13.808,1,0.192,0.0406,0.0,0.10099999999999999,0.304,119.98899999999999,4,kids
1VAnb6RrxA6eJiywZYyTWG,Blake Rules;Netherfriends,Kids Trap 10,Snow Cone Truck,8,123076,False,0.7140000000000001,0.617,10,-11.970999999999998,1,0.0544,0.307,0.0612,0.128,0.6809999999999999,155.97899999999998,4,kids
08SFfnXcmjDgOSi2tnmdM7,Mini Pop Kids,Mini Pop Kids 16,Better Now,7,211786,False,0.7040000000000001,0.49,2,-8.974,1,0.125,0.0386,0.0,0.11,0.29600000000000004,145.167,4,kids
3o0vFcZI1ejWCLOqnFWEwE,Mini Pop Kids,Mini Pop Kids 17,Higher Love,7,228160,False,0.7140000000000001,0.628,7,-5.642,1,0.0399,0.0488,1.52e-06,0.129,0.171,103.925,4,kids
7af1WixhIA44jYgzXU19da,Daddy Yankee;Bad Bunny,Bájale como 7500,Vuelve,2,279613,False,0.7340000000000001,0.531,1,-5.662000000000001,1,0.0321,0.196,0.0,0.11900000000000001,0.19899999999999998,130.025,4,latin
38cCzX3jpZhctBx6CHA9PG,J Balvin;Bad Bunny,Feliz Cumpleaños con Perreo,LA CANCIÓN,2,242573,False,0.7559999999999999,0.6459999999999999,7,-5.795,1,0.319,0.152,1.8100000000000003e-05,0.10800000000000001,0.429,176.088,4,latin
3LaQzvfIetBWdtIV0JoBwF,J Balvin;Bad Bunny;Mr Eazi,Feliz Cumpleaños con Perreo,COMO UN BEBÉ,4,218826,False,0.825,0.807,6,-5.752999999999999,1,0.095,0.0741,4.79e-06,0.138,0.816,103.053,4,latin
20JTNRnNUJL75tSJmtg2ZY,J Balvin;Skrillex,Regageton Para Niños,In Da Getto,5,130666,False,0.924,0.723,8,-3.142,1,0.0466,0.0177,2.61e-05,0.113,0.643,126.99799999999999,4,latin
7lTWdUAtKRdaRS0UbQD9y7,J Balvin,Noche de Halloween Latino,Morado,2,200666,False,0.8809999999999999,0.696,11,-3.838,0,0.0797,0.136,4.0600000000000004e-05,0.0927,0.7809999999999999,97.00200000000001,4,latin
5K5PsYGecXpFRoSNYHvhll,Chris Jedi;Anuel AA;Chencho Corleone;Ñengo Flow,El perreo es el futuro,La Llevo Al Cielo,0,254920,True,0.795,0.845,9,-3.8089999999999997,0,0.135,0.105,1.1400000000000001e-05,0.172,0.769,170.023,4,latin
4rlYrov7VH5lsLQklkdoFt,Mariah Angeliq,Halloween 2022 Perreo Vol. 5,Miénteme,0,211693,False,0.696,0.82,8,-4.511,0,0.127,0.0712,0.0,0.132,0.43,100.064,4,latin
3X1d3Krb95sCtZ8ydVDFDY,Mariah Angeliq;Casper Magico,El perreo es el futuro,Lo Prohibido,0,202560,False,0.83,0.679,8,-3.5189999999999997,0,0.14300000000000002,0.13699999999999998,7.780000000000001e-05,0.0905,0.213,95.00299999999999,4,latin
1u7MXGKrK4hBxkn67pyjJX,Mariah Angeliq,Noche de Halloween Latino,La Tóxica,1,171280,True,0.536,0.723,6,-4.761,0,0.268,0.0149,7.780000000000001e-05,0.0952,0.7240000000000001,91.76100000000001,4,latin
1I86H4C4Vqm0INF99IGq0r,Alvaro Diaz;Rauw Alejandro,Noche de Halloween Latino,Problemón,1,193013,False,0.7290000000000001,0.737,2,-3.727,0,0.064,0.275,7.58e-06,0.13699999999999998,0.369,91.99,4,latin
2ldVpRwLjfUWCDqrjNQYWt,Daddy Yankee;Bad Bunny,Perreo en Halloween,X ÚLTIMA VEZ,3,192477,True,0.812,0.855,7,-3.725,1,0.0554,0.0789,0.000167,0.10800000000000001,0.573,90.04,4,latino
0w6KXQRbURk23AtKn3q5Wr,Daddy Yankee,Halloween con perreito,RUMBATÓN,0,248768,False,0.685,0.909,3,-4.034,0,0.0396,0.0471,0.0,0.35,0.922,95.00399999999999,4,latino
62ppSZlSrkdflEZWXM34gG,Daddy Yankee,Bájale como 7500,RUMBATÓN,2,248768,False,0.685,0.909,3,-4.034,0,0.0396,0.0471,0.0,0.35,0.922,95.00399999999999,4,latino
3ufMt1JWzgGeJ1rvGjeGbX,Daddy Yankee,Feliz Cumpleaños con Perreo,RUMBATÓN,1,248768,False,0.685,0.909,3,-4.034,0,0.0396,0.0471,0.0,0.35,0.922,95.00399999999999,4,latino
7q2b7oG0UIDtl0rxQSeVwq,Don Omar;Plan B,Reggaeton Mix Perreito,Hooka,2,238386,False,0.733,0.8590000000000001,1,-5.087,1,0.146,0.0431,0.0,0.8220000000000001,0.845,170.047,4,latino
4B8RTAHSPfYpV222GsmEjq,Don Omar,Fiesta portatil,Zumba,2,263973,False,0.718,0.8909999999999999,9,-3.4939999999999998,0,0.0404,0.00175,0.0146,0.138,0.828,124.98100000000001,4,latino
3lOFofBlwZF66FMjH2AcuC,Cali Y El Dandee;Juan Magán;Sebastian Yatra,Queda poco para la PAES 2.0,Por Fin Te Encontré,0,250836,False,0.645,0.8220000000000001,11,-3.679,1,0.212,0.0493,0.0,0.193,0.8370000000000001,179.99400000000003,4,latino
5nxoZa9rMVL5HO1G5lN3FJ,Saleem,Jai Mata Di,Jai Ho Ganesh Ji,21,277986,False,0.642,0.6659999999999999,8,-8.617,1,0.0435,0.253,0.0,0.158,0.831,134.054,4,malay
5m9uiFH9sK5wxRZdfN62n9,Breaking Benjamin,Shallow Bay: The Best Of Breaking Benjamin (Explicit),The Diary Of Jane,59,200213,False,0.39,0.958,10,-4.455,0,0.0622,5.67e-05,0.0437,0.121,0.348,167.045,4,metal
4Y2bR875LdPq9JILrY2FSw,Bad Wolves,Zombie EP,Zombie (Acoustic),55,259253,False,0.499,0.494,2,-6.069,0,0.0264,0.0646,0.0,0.182,0.129,77.01100000000001,4,metal
5SB73InpxuEQ20qEWhOQFV,Format:B,Chunky,Chunky,55,158114,False,0.8029999999999999,0.858,10,-4.019,1,0.0538,0.0111,0.096,0.0766,0.862,121.98899999999999,4,minimal-techno
4DK9SUOnVliHTl0kVjROv0,Berlin Minimal,Playlist Nature Walking (Tour 1),Surf Slide Minimal - Club Edit,17,155662,False,0.735,0.8740000000000001,6,-6.808,1,0.0373,0.000118,0.9,0.363,0.15,124.001,4,minimal-techno
3m4MvVUvY06ZuCLXxWYY2m,Brian Crain,A Light in the Trees,Tenderness,22,222080,False,0.273,0.258,6,-17.858,1,0.0337,0.982,0.89,0.111,0.099,154.52700000000002,3,new-age
5uRJ0oirdTBD7jjG7VhEhh,Dan Gibson's Solitudes,Stream of Dreams,Pool of Mirrors,22,398133,False,0.311,0.0948,3,-29.575,1,0.0555,0.861,0.20199999999999999,0.907,0.0649,99.213,4,new-age
3UPxTUgfoxubx8fC3wOJ0P,Dan Gibson's Solitudes,Dolphin Dreams,Angels of the Reef,22,350201,False,0.11699999999999999,0.11,5,-26.081,1,0.0442,0.977,0.741,0.7020000000000001,0.0449,83.68700000000001,4,new-age
24ncWBgfsWHODJwzuc2p1l,Karunesh,Colors of the East,Vishnu,36,389640,False,0.6679999999999999,0.5710000000000001,11,-13.619000000000002,0,0.0389,0.768,0.857,0.146,0.607,89.98,4,new-age
2KsD4oe5Dj7EPPwkVfiaL3,Clannad,Lore,Crói Cróga - Remastered in 2004,22,298960,False,0.5670000000000001,0.424,9,-11.725999999999999,0,0.0289,0.779,8.340000000000001e-05,0.366,0.389,138.923,4,new-age
6YFYYxoLH9Aoasz0unIXiK,Jim Brickman,Destiny,Your Love,54,223093,False,0.605,0.45399999999999996,5,-8.394,1,0.0264,0.24100000000000002,0.0,0.114,0.326,121.97399999999999,4,new-age
10zfQIoFPJJLTz97BTCivL,Dimash Qudaibergen,"Couldn't Leave (電視劇《親愛的, 熱愛的》插曲)","Couldn't Leave (電視劇《親愛的, 熱愛的》插曲)",41,193600,False,0.295,0.402,6,-10.493,0,0.0321,0.535,0.00010400000000000001,0.105,0.069,149.525,4,opera
1GU90z6vuJ8XtQu0XLzyDH,Michael Ball;Alfie Boe,Back Together,Let It Be Me,25,203253,False,0.337,0.264,4,-15.015,1,0.031,0.797,0.0647,0.14800000000000002,0.145,90.01299999999999,4,opera
3xF6OYQ4Da4JhPGsmubG9M,Andrea Bocelli,Vivere - Live In Tuscany,Mille Lune Mille Onde - Live,20,243493,False,0.51,0.602,10,-8.027000000000001,1,0.039,0.556,2.7300000000000003e-05,0.6990000000000001,0.33399999999999996,109.93299999999999,4,opera
5wOLmQDML8Po0Qoc7N1uLk,Emma Shapplin,Etterna,Celtica,20,307693,False,0.221,0.371,7,-10.897,0,0.038,0.6970000000000001,0.0153,0.156,0.122,93.075,3,opera
3pkoey7hNfAGNG2X0yp99C,Méav,Celtic Twilight 5 (From The Hearts O'Space),"Ailein Duinn (Theme From The Movie ""Rob Roy"")",20,254880,False,0.272,0.247,5,-11.169,0,0.0333,0.905,0.0256,0.111,0.106,112.881,3,opera
1p5CA3hRZ1B4GcbgTX4oPo,Michael Ball;Alfie Boe,Together Again,You're The Voice,20,302946,False,0.33399999999999996,0.735,2,-10.697000000000001,1,0.0741,0.366,0.013999999999999999,0.0737,0.525,82.471,4,opera
6AL3WfvaUJi5nA8XqPDoy9,Michael Ball;Alfie Boe,Together Again (Deluxe),"Bring Me Sunshine - From ""Morecambe & Wise""",20,234106,False,0.521,0.35,10,-9.92,0,0.0345,0.32899999999999996,0.0,0.059000000000000004,0.475,112.02,4,opera
10ohUdSA7ZKCSeulKs1ciP,Georges Bizet;Théophile Alexandre;Quatuor Zaïde,No(s) Dames,"Carmen, Act 1 Scene 5: L'Amour est un oiseau rebelle (Arr. for Countertenor & String Quartet by Eric Mouret)",20,181746,False,0.36200000000000004,0.0919,0,-18.037,1,0.0918,0.978,1.52e-06,0.0986,0.371,86.73200000000001,3,opera
2B7ztTw0XuywnZK6W3tTG7,Andreas Gabalier,Best Of Karneval,Hulapalu,0,180252,False,0.705,0.6759999999999999,0,-4.672,1,0.0467,0.505,0.0,0.628,0.701,124.96,4,party
0gbTWyqIQXC93BTXxmAveK,Jürgen Drews,Karneval Klassiker,Irgendwann irgendwo irgendwie - seh'n wir uns wieder - Remastered 2017,0,245426,False,0.6709999999999999,0.98,0,-3.7689999999999997,1,0.0424,0.00686,0.000199,0.0852,0.868,124.009,4,party
6Cd5urxZ5t5RyxNX7O3pyb,Höhner,Karneval Klassiker,"Viva Colonia (Da simmer dabei, dat is prima!)",0,189386,False,0.5710000000000001,0.85,7,-4.426,1,0.0367,0.0781,0.0,0.27,0.7659999999999999,128.071,4,party
2IHTPzWvCxfYdLzdWofJYp,Michael Wendler,The Very Best Of,Nina,26,232653,False,0.757,0.8640000000000001,0,-5.678,1,0.0441,0.11599999999999999,0.00073,0.259,0.726,128.063,4,party
2JjmTbiaj8Zin3ePd6hfdB,FiNCH,Kassenhäuschen EP,Maschinen,24,156269,True,0.763,0.8859999999999999,9,-3.745,0,0.258,0.114,0.0,0.14800000000000002,0.631,150.07299999999998,4,party
44ZjtiuwW9fA4SHrvEggL2,Matthias Reim,Verdammt Ich hab Nix,Verdammt Ich lieb' dich,25,217680,False,0.57,0.86,9,-5.013,0,0.0478,0.0196,0.0,0.408,0.451,109.994,4,party
5A6E9cVlxYAmEvdbEE4w9Y,Karim Kamar,"Selected Works, Vol. 3",drivers license - Piano Arrangement,40,284000,False,0.344,0.081,10,-23.65,1,0.0564,0.983,0.9,0.10300000000000001,0.034,128.876,4,piano
3VBPPIu4MGBnMj4SF8sJBJ,Ever So Blue,Fragment,Fragment,46,153103,False,0.40299999999999997,0.0621,6,-28.678,1,0.049,0.995,0.932,0.0999,0.146,135.761,4,piano
6YYVzVapUF3UnZQ0igasl3,Shafqat Amanat Ali,Yaariyan,Allah Waariyan,62,314522,False,0.483,0.7809999999999999,4,-5.926,1,0.0445,0.349,0.0,0.126,0.8009999999999999,83.78200000000001,4,pop-film
4g7118rCobKcU4XQXSFlBS,The Weeknd,Drippy Drippy,The Hills,3,242280,True,0.565,0.551,0,-7.007000000000001,0,0.0687,0.0845,0.0,0.139,0.125,112.98,4,pop
6SKTHwAjQ2sEJSEcSm2N3v,Justin Bieber,pov: you have a holly jolly christmas,Santa Claus Is Coming To Town,0,216720,False,0.639,0.836,0,-4.878,0,0.048,0.027000000000000003,0.0,0.28300000000000003,0.8140000000000001,104.99799999999999,4,pop
6arE1lr4B2jsrWP1GBIkYH,David Guetta;MistaJam;John Newman,Upbeat 20's,If You Really Love Me (How Will I Know),1,184390,False,0.6920000000000001,0.883,7,-4.698,1,0.0582,0.0512,0.0,0.228,0.614,122.984,4,pop
4F9mATfUA9J8t7oQ9COCcQ,David Guetta;Bebe Rexha,Upbeat Pop,I'm Good (Blue),0,175238,True,0.561,0.965,7,-3.673,0,0.0343,0.0038299999999999996,7.07e-06,0.371,0.304,128.04,4,pop
1fkKTSAmrguXmlZ1we0BQp,David Guetta;Becky Hill;Ella Henderson,Baddest of Them All,Crazy What Love Can Do,0,169756,False,0.601,0.713,4,-3.758,0,0.0449,0.0282,0.0,0.158,0.46399999999999997,122.87200000000001,4,pop
5hsExtdcPmoDQTc9rhK6ui,Feid,Perreo en Halloween,Si Te La Encuentras Por Ahí,4,191506,False,0.736,0.569,8,-3.5589999999999997,0,0.0779,0.14400000000000002,5.27e-05,0.11199999999999999,0.433,171.97299999999998,4,pop
4Rt5ie6v0adFZmbTPoo3qZ,Coldplay;Geoff Swan;Hardwell;Mark 'Spike' Stent,10's Dance Classics,A Sky Full of Stars - Hardwell Remix,0,313124,False,0.652,0.657,3,-4.4910000000000005,0,0.0306,0.0020800000000000003,6.929999999999999e-05,0.0859,0.0861,127.99700000000001,4,pop
6ULTShYs7hdQsmzlzFMjFb,Hoodoo Gurus,Chariot Of The Gods,Was I Supposed To Care?,21,273653,False,0.489,0.621,11,-5.465,0,0.0281,0.0218,3.26e-05,0.11800000000000001,0.40700000000000003,152.02,4,power-pop
5pBaIDEQbrXKpplRE9sU5B,The Manges,Book Of Hate For Good People,I'm Not A Sissy,20,141480,False,0.622,0.966,0,-3.95,1,0.0354,0.0086,3.57e-06,0.368,0.79,108.01299999999999,4,power-pop
7tyxIzfJI6uoc7t9kwwGmf,F.Y.P,Toys That Kill,Wherever the Creeps Go,20,114360,False,0.34600000000000003,0.862,5,-6.207999999999999,1,0.0993,0.00762,0.0,0.6759999999999999,0.741,178.092,4,power-pop
28jj3KEdWz0yKpVsCGVydC,White Reaper,The World's Best American Band,Another Day,21,111290,False,0.324,0.983,5,-1.624,0,0.099,0.000271,0.000117,0.565,0.17800000000000002,148.234,4,power-pop
1xnsrpuHsb9cwGtMsfqzBc,Mike Williams;RYVM,Storylines,When The Sun Is Gone (feat. RYVM),0,178124,False,0.606,0.929,11,-4.65,1,0.098,0.0284,0.0,0.147,0.33899999999999997,127.99799999999999,4,progressive-house
3JiRG3zjef1biea1lH8MJ3,The Beach Boys,Best Christmas Songs 2022 | For under the Mistletoe,Frosty The Snowman - 1991 Remix,1,114551,False,0.426,0.473,5,-7.9239999999999995,1,0.0335,0.353,0.0,0.0234,0.937,181.752,4,psych-rock
7weuZfLzuEUsHq5jvpP3im,The Beach Boys,Weihnachtssongs,Little Saint Nick - 1991 Remix,0,118840,False,0.602,0.5529999999999999,11,-9.336,1,0.0328,0.10800000000000001,0.0,0.0512,0.971,130.594,4,psych-rock
5FUXLd5vcwtR36lGLtKsWb,The Beach Boys,pov: you are walking in a winter wonderland,Little Saint Nick - 1991 Remix,0,118840,False,0.602,0.5529999999999999,11,-9.336,1,0.0328,0.10800000000000001,0.0,0.0512,0.971,130.594,4,psych-rock
4YgUcH7aKBmP5EeysIjvKD,Wishbone Ash,Argus (Expanded Edition),Leaf And Stream,50,246266,False,0.418,0.405,2,-10.714,0,0.0307,0.478,0.0048200000000000005,0.11699999999999999,0.433,82.7,4,psych-rock
7tdvNIkzAYUcCWxRi7NvhY,Štěpán Soukup,Tommy Poser,Alkoholka 2015,37,205250,False,0.622,0.738,8,-3.551,0,0.0301,0.000897,6.19e-06,0.105,0.466,125.005,4,punk
6AuY8LkI0USenNbHzX1AVh,Toini & The Tomcats,Traction,Honey Bee,29,128466,False,0.5770000000000001,0.826,11,-5.812,1,0.042,0.213,0.0,0.114,0.941,127.255,4,rockabilly
2jqBkZ3VhBeuTLwXZtfSGe,Georgi Vinogradov;The Red Army Choir,Когда поют солдаты...,Соловьи,10,356573,False,0.23199999999999998,0.272,5,-14.867,0,0.053,0.963,0.000177,0.135,0.0412,112.787,5,romance
3J4hiQsMvNGbgx9TndlQcU,Tatiana and Sergey Nikitin,Brich-Mulla Vol.1,Two Women,4,151560,False,0.679,0.175,5,-17.052,1,0.111,0.955,0.00015800000000000002,0.10099999999999999,0.6459999999999999,124.477,4,romance
6sSFydXXbEIaqR4n3XUQuz,Nikolai Erdenko,Шедевры цыганской песни. Знаменитые цыганские песни,"О, день",1,156000,False,0.308,0.483,10,-15.63,1,0.0742,0.8540000000000001,0.017,0.423,0.687,91.738,4,romance
1RTNUU0YYocc0YwoLkEMq6,Николай Рыбников,4 ноября. День народного единства,"Марш высотников - Из к/ф ""Высота""",0,53472,False,0.653,0.466,5,-9.439,1,0.0666,0.748,3.96e-05,0.322,0.882,121.245,4,romance
0wgC0qJgCGHdA5H8bauIK7,Mikhail Vavich,"Russkie narodnye pesni, Ch. 1",Jablochko,0,163083,False,0.715,0.491,11,-5.705,0,0.133,0.993,0.0099,0.222,0.8109999999999999,113.385,4,romance
5mplGTxbzVHglczrA1l9qG,Sergei Lemeshev,Любимые русские романсы,Выхожу один я на дорогу,0,258324,False,0.304,0.44,4,-8.486,0,0.0566,0.9570000000000001,0.0,0.687,0.243,92.928,3,romance
3yavilApCRUIKYkIuX8DDk,Валерий Агафонов,Вам девятнадцать лет…,Глядя на луч пурпурного заката,0,201533,False,0.309,0.14300000000000002,4,-18.305,0,0.0535,0.955,0.111,0.107,0.0632,174.02599999999998,4,romance
6hb6tZMwumbYoXVxwEsWRk,Alexander Vertinsky,Velikie ispolniteli Rossii XX veka: Aleksandr Vertinskiy,Ja segodnja smejus' nad soboy,2,168189,False,0.496,0.0237,4,-17.939,0,0.0747,0.992,4.6299999999999994e-05,0.10099999999999999,0.11699999999999999,100.566,3,romance
2jQbiFdf25wYRHcq0JiWRR,"Группа ""Загадка""",Золотая коллекция эстрады. Сиреневый туман,Люблю (Вдыхая розы аромат),1,115706,False,0.621,0.233,7,-8.939,0,0.0696,0.889,2.41e-06,0.13,0.636,127.273,3,romance
2QJmvhnhah2pOFvzJGg7Ro,Alla Bayanova;Давид Ашкенази;Геннадий Разуваев,Алла Баянова: И льётся песня,Я любовь не сберегла,1,175360,False,0.35,0.091,9,-15.220999999999998,0,0.0393,0.9390000000000001,2.12e-06,0.0979,0.22699999999999998,152.065,4,romance
5ugEAELzfwf3k07D3e1WNN,Владимир Бунчиков,Севастопольский Вальс (1943 - 1961),"Шумит волна, звенит струна",0,168923,False,0.34600000000000003,0.303,4,-13.245,0,0.0362,0.961,5.55e-06,0.114,0.531,162.172,3,romance
2nVL8B8ad5rJZGBRuVIKtR,"Nikolai Erdenko;Ансамбль ""Джанг""",Шедевры цыганской музыки. Лучшие цыганские песни,Ехали цыгане,0,106253,False,0.395,0.43799999999999994,0,-17.157,0,0.0499,0.645,0.0,0.257,0.5329999999999999,129.316,4,romance
7zkgAyL3DS6PE5FWzk3QKM,Vladimir Nechaev,Душевные песни из советских кинофильмов,"Ты рядом со мной - Из к/ф ""Наши соседи""",1,207438,False,0.336,0.315,2,-10.006,0,0.0312,0.875,4.08e-06,0.426,0.45399999999999996,147.996,3,romance
6xOrcNSwc9pnCcMYJjc4rn,Sergei Lemeshev,Сергей Лемешев. 20 золотых песен,Хотел бы в единое слово,0,121893,False,0.42100000000000004,0.0908,7,-19.422,0,0.0459,0.9790000000000001,0.0,0.0836,0.231,93.656,4,romance
3wty3BBEsbk8zj92IPQ9NO,Nikolai Erdenko,Шедевры цыганской песни. Знаменитые цыганские песни,На траве туман,0,317786,False,0.287,0.261,7,-18.994,0,0.0455,0.7759999999999999,0.0519,0.0973,0.146,140.71200000000002,4,romance
1zN6E83l8cwgDlxNhxPAUz,Oleg Pogudin,The Best Songs,Побудь со мной,1,165533,False,0.401,0.076,6,-17.782,0,0.0436,0.938,6.8e-06,0.12300000000000001,0.122,69.47399999999999,3,romance
0gmV4mbtJsmveGlVAdLGho,Nikolai Erdenko;Nikolai Erdenko Gypsy Band,The Famous Songs of Russian Gypsies,"Oj, rucheek, rucheek (A Brook): Rucheek (A Brook)",1,153280,False,0.36,0.815,2,-12.779000000000002,1,0.146,0.46,0.0,0.365,0.439,122.176,4,romance
0egeqq8xpExQHfPNuXfNfD,Vladimir Nechaev,"Russian Legends - Vladimir Nechaev, Volume 1",Ogonyok,0,181800,False,0.433,0.307,10,-14.509,1,0.0475,0.992,0.174,0.2,0.536,127.73,4,romance
5MNxzyo5mrSoy3UkL9wbvT,Tatiana and Sergey Nikitin,Brich-Mulla Vol.1,Brich-Mulla,4,283872,False,0.74,0.23,0,-13.538,0,0.127,0.8370000000000001,0.0,0.0949,0.765,133.99,4,romance
31V8fcY1mQGjqDIrFSNy2w,Александр Цфасман;Павел Михайлов,Избранное,Тебя здесь нет,0,177240,False,0.473,0.22399999999999998,4,-15.187000000000001,0,0.0389,0.977,0.0383,0.128,0.5710000000000001,124.432,4,romance
51QhZPWIe5gD5PgSV7luyl,Александр Цфасман;Вокальное Трио,Я люблю танцевать,Мечты,0,170893,False,0.373,0.14,5,-20.719,0,0.0506,0.976,0.36700000000000005,0.156,0.226,117.624,3,romance
52VSOpFbg4GBpPNNv4ulbP,"Группа ""Загадка""",20 золотых дворовых песен. Разлука,В больнице больная лежала,0,196280,False,0.363,0.154,2,-10.63,0,0.0319,0.9009999999999999,0.0,0.14,0.41100000000000003,143.52100000000002,3,romance
1aW7Cno3iDf1jIraOXLOKJ,Irina Karatcheva,Возвращение. русские романсы,В лунном сияньи,0,125406,False,0.38799999999999996,0.0369,9,-21.176,0,0.047,0.9840000000000001,0.0,0.115,0.385,98.99700000000001,3,romance
4V1CEf4NktNY6CfHKBqSKy,Vadim Kozin,Velikie ispolniteli Rossii XX veka: Vadim Kozin (Deluxe Version),Kovyl',0,189653,False,0.502,0.0984,2,-15.272,0,0.0918,0.9940000000000001,0.0128,0.127,0.48,64.687,4,romance
0UswNGtK684rqSxXFP18Uw,Vadim Kozin,Последний концерт,"Давно, давно я с Вами не был вместе",0,173693,False,0.518,0.0331,3,-22.008000000000003,1,0.09300000000000001,0.9940000000000001,0.0183,0.195,0.316,93.295,3,romance
7dwSsdCOY36upP3jChvTIJ,Vadim Kozin,Velikie ispolniteli Rossii XX veka: Vadim Kozin (Deluxe Version),Chudo-chudesa,0,180950,False,0.596,0.302,10,-10.254000000000001,1,0.10400000000000001,0.9890000000000001,0.000277,0.0786,0.81,101.37,3,romance
7GMYzt2h1jUs3PNefSool2,Izabella Jur'eva,Velikie ispolniteli Rossii XX veka: Izabella Jur'eva (Deluxe Version),Laskovo vzgljani,0,164364,False,0.545,0.217,11,-14.524000000000001,0,0.0788,0.995,0.33799999999999997,0.12300000000000001,0.7020000000000001,80.063,4,romance
6x5sUSnjTj5pqOMEMbIhj8,Алёша Димитриевич,"Шедевры русской эстрады. Мама, я жулика люблю",Я милого узнаю по походочке,0,162186,False,0.484,0.391,7,-14.147,1,0.12300000000000001,0.92,0.00673,0.203,0.5770000000000001,181.39700000000002,4,romance
3Q4cgQC7JgtXqDcwZJ29Pp,Nikolay Kopylov,"Глинка, Романсы",В Крови Горит Огонь Желанья,0,76946,False,0.41100000000000003,0.44299999999999995,8,-8.237,1,0.0367,0.987,0.0638,0.142,0.364,137.253,4,romance
02MRylJ1WAgxzdqfNfdIsR,Oleg Pogudin,Любовь и разлука. Песни Исаака Шварца,"Город пышный, город бедный",0,114600,False,0.446,0.121,4,-12.737,0,0.0414,0.937,0.0,0.125,0.18,107.573,3,romance
5ybfqo1EiDwIhOvzBfJwx4,Vadim Kozin,Velikie ispolniteli Rossii XX veka: Vadim Kozin (Deluxe Version),Vsegda i vezde za toboju,0,179229,False,0.38,0.13699999999999998,4,-14.335,0,0.0528,0.9890000000000001,0.00248,0.113,0.349,94.145,5,romance
3Z86aT11fOYi5fNiUxwjgm,"Nikolai Erdenko;Ансамбль ""Джанг""",Шедевры цыганской музыки. Классика цыганской песни,Две женщины,0,240120,False,0.541,0.228,8,-20.177,0,0.0505,0.899,0.434,0.153,0.33,82.514,4,romance
4HC6cDv1j6fpbQ6FOPGm7O,Valentina Ponomaryova;Ансамбль ударных инструментов Марка Пекарского;Сергей Скрипка;Государственный Симфонический оркестр кинематографии,Terra Incognita,The Cat that Walked by Himself: First Witchcraft. Dog,0,398200,False,0.34,0.168,1,-25.023000000000003,1,0.0895,0.599,0.0369,0.16,0.0372,95.744,4,romance
2r6Jay01kQTR0ztlXQbxf3,Nadezhda Obukhova,"Romansy Rossii, Chast’ 2",Ja vnov' pred toboju,0,171335,False,0.405,0.0576,9,-15.525,0,0.0431,0.993,0.0,0.0966,0.105,69.88,5,romance
2sWCKLm6qrQ4Hu6Lkrh2Xb,Nikolai Erdenko,Лучшая цыганская музыка. Часть четвертая,Солнышко,0,213720,False,0.264,0.16699999999999998,7,-20.194000000000003,0,0.0354,0.943,0.517,0.29,0.10800000000000001,109.73,3,romance
5saBHi3sDRRcrtLUC4zwuZ,Nikolai Erdenko,Шедевры цыганской музыки. Серебряная скрипка романса,Я Вас любил,0,199280,False,0.305,0.201,3,-13.253,1,0.036000000000000004,0.9259999999999999,0.265,0.17,0.04,102.865,5,romance
1OZtXGoPN2deUyjKLbl6CW,Vladimir Nechaev,Velikie ispolniteli Rossii XX veka: Vladimir Nechaev,"Okh, neprijatnost'",0,183072,False,0.33399999999999996,0.35700000000000004,9,-10.103,0,0.0305,0.9840000000000001,0.0026,0.318,0.585,149.91299999999998,4,romance
6FkTSDv17BIUGGAQkS6CJX,Nadezhda Kazantseva;Viktor Smirnov;Bolshoi Theatre Orchestra,"Soviet Film Soundtracks (1928 - 1950), Volume 5","Song - From ""Spring Flow""",0,156431,False,0.48,0.222,8,-14.529000000000002,1,0.0544,0.991,0.000822,0.542,0.381,121.85700000000001,4,romance
6R0TQQtu4guq2l4p4LIuuC,Sergei Lemeshev,"Romansy: Gori, gori, moja zvezda…",Svidanie,0,196204,False,0.29,0.306,10,-9.222999999999999,0,0.053,0.986,3.76e-06,0.10800000000000001,0.0618,76.443,4,romance
7x8eeMIQ7TRCa7p6HgkgNS,Oleg Pogudin,La serenata (Live),"Funiculì, funiculà (Live)",0,157893,False,0.565,0.604,3,-8.867,1,0.0716,0.733,0.00427,0.484,0.59,127.955,4,romance
7gtO54x88Y7GhY0jHgiV6P,Gelena Velikanova,Первая встреча (2022 Remastered),До завтра - 2022 Remastered,0,204752,False,0.446,0.0714,2,-14.648,1,0.064,0.972,0.0228,0.0942,0.504,202.618,3,romance
2CiemyCTNfoTqKHxzZIk0w,Gelena Velikanova,Первая встреча (2022 Remastered),Ты не все сказал - 2022 Remastered,0,187421,False,0.591,0.0729,9,-16.352999999999998,0,0.21100000000000002,0.99,0.00206,0.191,0.336,108.008,4,romance
41wRhP83bDYvNx0l1n2JWk,Александр Цфасман;Леонид Кострица,Александр Цфасман и звёзды советской эстрады,Перелётные птицы,0,186827,False,0.628,0.361,5,-13.485,0,0.0563,0.982,0.136,0.109,0.898,115.42299999999999,4,romance
4v16scAVhylOWvkkcmd4DX,Izabella Yurieva,Счастье мое,"Саша, ты помнишь наши встречи?",1,188637,False,0.597,0.38,11,-9.514,0,0.0747,0.988,0.000231,0.19399999999999998,0.732,103.193,4,romance
4f7ScGcFtjjBLs35q4vfTH,Tatiana and Sergey Nikitin,The Blue Color Vol.2,No one will be in the house,3,125544,False,0.762,0.10800000000000001,0,-21.761,0,0.196,0.93,0.0677,0.11599999999999999,0.7859999999999999,87.822,4,romance
5X7UA8fbdiFr9BgxhDeClb,Александр Добронравов,Лучшие песни,Ангел ЗЗЗ,0,264869,False,0.379,0.33399999999999996,9,-7.474,0,0.0309,0.665,0.0,0.115,0.131,128.577,4,romance
6oUDN88DZ8XKIVDfJEyzkN,Галина Карева,Не пробуждай воспоминаний (Имена на все времена),"Уйди, совсем уйди",0,221120,False,0.371,0.14800000000000002,7,-15.852,0,0.0558,0.945,0.0,0.113,0.225,166.27900000000002,3,romance
7485lzxQ1okfLNPNe8rpXV,Vadim Kozin,Последний концерт,Над рекой,0,111346,False,0.653,0.0639,5,-21.565,0,0.0709,0.995,0.163,0.128,0.6,107.63799999999999,4,romance
4HlCz7PGRfUNZHgvTWI7th,Валерий Агафонов,За кордоном – любовь,Шарманщик,0,220480,False,0.433,0.15,9,-16.9,1,0.0437,0.958,0.077,0.107,0.115,139.806,4,romance
05WLq8RH59gRD3gMnmxUKb,Vadim Kozin,Романсы и таборные песни,В последний раз,0,183954,False,0.419,0.0273,5,-23.017,0,0.0469,0.991,0.00466,0.0592,0.0786,72.274,3,romance
52VSOpFbg4GBpPNNv4ulbP,"Группа ""Загадка""",20 золотых дворовых песен. Разлука,В больнице больная лежала,0,196280,False,0.363,0.154,2,-10.63,0,0.0319,0.9009999999999999,0.0,0.14,0.41100000000000003,143.52100000000002,3,romance
1vNamT7fPcHPQdYCFMiXoI,Oleg Pogudin,Я сохраню слова любви,Дремлют плакучие ивы,1,177800,False,0.295,0.0736,2,-23.546,0,0.0416,0.8859999999999999,0.0166,0.114,0.243,73.922,4,romance
4worcVBM2RyWpQIyE7hJj5,Oleg Pogudin,Юбилей,Ещё один романс,0,159720,False,0.40299999999999997,0.32799999999999996,0,-11.581,0,0.0481,0.867,0.0,0.11,0.198,87.821,3,romance
56ZB19eqTsiuSkAz5aQIuc,Vadim Kozin,Чудо-чудеса,Одевэс - Колечки бирюзовые,0,94410,False,0.62,0.213,5,-14.270999999999999,0,0.0773,0.993,0.0,0.179,0.569,102.12299999999999,4,romance
3IMEE1Goc1XeMlWUlVMqWA,Yuri Morfessi,Очи чёрные,Дорогой длинною,0,169341,False,0.267,0.39899999999999997,7,-8.025,0,0.0367,0.995,0.0034799999999999996,0.151,0.345,80.067,4,romance
2abeQBWSIzjO8J1KrPFZHy,Oleg Pogudin,Русский романс. Часть I,Забыли вы…,0,190933,False,0.474,0.0538,7,-21.541,0,0.0488,0.912,0.0,0.0901,0.207,93.964,3,romance
22lPvFQRM48nDvv0ozgsMI,Oleg Pogudin,Любовь и разлука. Песни Исаака Шварца,Затихнет шрапнель,0,129653,False,0.583,0.318,6,-9.946,0,0.0461,0.7190000000000001,0.0,0.12,0.586,106.209,4,romance
4EJPDUuKsCArRCvhDx2YW9,Nikolay Kopylov,"Петр Чайковский, Романсы","Благословляю Вас, Леса",0,241453,False,0.39,0.35100000000000003,5,-11.02,1,0.039,0.9890000000000001,0.00048499999999999997,0.085,0.11599999999999999,75.389,4,romance
3R073bM874OdRBZvEPzY7N,Konstantin Pluzhnikov;Mr.Gr.Ig.Al.,Стаканчики гранёные (Cut Glasses),Андрюша (Andryusha),0,137200,False,0.525,0.434,6,-12.175,1,0.107,0.738,0.0,0.519,0.865,150.739,4,romance
1gXqg06Sc5301iRoKNhRRL,"Nikolai Erdenko;Ансамбль ""Джанг""",Шедевры цыганской музыки. Классика цыганской песни,У реки,0,134173,False,0.536,0.391,6,-17.031,1,0.0387,0.9329999999999999,0.00462,0.15,0.82,154.325,4,romance
2xRdvPX2IrKELYj9WvshTp,Vadim Kozin,Velikie ispolniteli Rossii XX veka: Vadim Kozin (Deluxe Version),"No ja znaju, ty ljubish' drugogo",0,164000,False,0.488,0.156,0,-11.457,0,0.0922,0.981,0.00855,0.11599999999999999,0.402,130.864,5,romance
2Pgc97g0nMT8zTtumxVrXv,Oleg Pogudin,Je chante,Tombe la neige,0,180316,False,0.41700000000000004,0.2,10,-10.918,0,0.0363,0.9329999999999999,0.0397,0.11199999999999999,0.341,110.67,4,romance
1JjlEP76VzsKKBRa2JdvIy,Nikolai Erdenko,Лучшая цыганская музыка. Часть вторая,Только раз бывают в жизни…,0,225093,False,0.33299999999999996,0.131,2,-17.756,0,0.0373,0.97,0.0228,0.217,0.126,80.065,5,romance
115R7u3I6ICJNKI6ErESlp,Nikolai Erdenko,Лучшая цыганская музыка. Часть вторая,Я не могу любить,0,182840,False,0.303,0.10800000000000001,2,-18.41,1,0.0396,0.948,1.7e-06,0.0742,0.0615,98.23899999999999,4,romance
3KKk48f33mlB56F5L5nbJk,Nikolay Kopylov,Popular Opera Arias,"""Don Carlos"" Roderigo'S Death Aria",0,235547,False,0.16699999999999998,0.332,1,-9.888,1,0.0359,0.992,0.191,0.113,0.0527,62.97,4,romance
0CzptLVu8meMD9m5jKpueg,Vadim Kozin,Velikie ispolniteli Rossii XX veka: Vadim Kozin (Deluxe Version),"Smeysja, smeysja gromche vsekh",0,190030,False,0.53,0.24100000000000002,7,-11.995999999999999,0,0.11900000000000001,0.995,1.1e-06,0.11199999999999999,0.63,81.85300000000001,4,romance
2rv9vjsnacgOKvZd2jBD66,Nikolai Erdenko,Шедевры цыганской музыки. Серебряная скрипка романса,Я помню вальса звук прелестный,0,125826,False,0.35,0.16,7,-14.295,0,0.0401,0.909,0.804,0.102,0.212,95.345,3,romance
2Lvca9B2AQKTNx2yNxnWbr,Sergei Lemeshev;Евгений Белоусов;Валентина Петрова;Лариса Авдеева;Galina Vishnevskaya;Boris Khaikin;Оркестр Большого театра,"Tchaikovsky: Eugene Onegin, Op. 24","Eugene Onegin, Op. 24, Act I Scene 1: No. 5b, Quartet ""Skazhi, kotoraya Tatyana""",3,91037,False,0.272,0.326,2,-15.958,0,0.0931,0.948,0.0,0.135,0.479,163.233,5,romance
6P2z6tZi1K8pyHXV1i0DnK,Nikolay Kopylov,У камина (Старинные Русские Романсы)/ At a Fireplace,Твои глаза зеленые ( Green Eyes),0,219880,False,0.359,0.44799999999999995,2,-7.961,1,0.063,0.8690000000000001,0.00045999999999999996,0.317,0.49,76.832,4,romance
4RLEptaOiYYtnZ07Nq87k2,Надежда Обухова;Матвей Сахаров,Песни советских композиторов,Осенние листья,0,208202,False,0.281,0.0665,9,-20.983,0,0.0495,0.988,1.23e-05,0.0904,0.159,74.017,3,romance
35fXLEkCzyQJg0DET8wvhh,Boris Shtokolov;Оркестр народных инструментов имени Василия Андреева,Лучшие застольные,Вечерний звон,0,327493,False,0.226,0.42100000000000004,6,-12.479000000000001,1,0.0854,0.9259999999999999,0.364,0.348,0.0726,97.329,3,romance
4w0kFToo4KieF43IMDb9ED,Татьяна Комова;Георгий Квик,Ромэн. Русские цыганские романсы,Солнышко,0,214373,False,0.306,0.20199999999999999,9,-18.504,0,0.0333,0.978,0.0479,0.215,0.174,79.70100000000001,4,romance
3ENn9ahP78mdUTHXDhnyFu,Izabella Jur'eva,Estrada 30-kh: Luchshie otechestvennye ispolniteli 30-kh godov XX veka,Belaja noch',0,196109,False,0.5429999999999999,0.22699999999999998,4,-11.044,0,0.042,0.9940000000000001,0.000539,0.156,0.423,103.84100000000001,4,romance
5FWXZQDgu0A4hS39eYrzBF,Alexander Vertinsky,Velikie ispolniteli Rossii XX veka: Aleksandr Vertinskiy,Pesenka o zhene,2,302346,False,0.539,0.105,2,-16.811,0,0.17800000000000002,0.978,1.32e-06,0.698,0.295,92.306,4,romance
5MzcMEsNgOEyd5D1E7FYMu,"Группа ""Загадка""",20 золотых дворовых песен. Разлука,Соловушка,0,138000,False,0.711,0.391,9,-6.593,0,0.0488,0.818,0.0,0.087,0.9,116.323,4,romance
5ffAjEtQBzn7d7I9pl2kB0,Владимир Бунчиков,Мы в жизнь идем (1936 - 1958),На крейсере Молотов,0,199457,False,0.33799999999999997,0.496,0,-12.617,1,0.0766,0.991,0.0,0.639,0.304,115.665,4,romance
6FwmTj0KzcljTlBd0VqBcA,Vadim Kozin,Легенды русской эстрады. Вадим Козин. Часть вторая,Мой костер,0,173000,False,0.46399999999999997,0.191,5,-14.734000000000002,0,0.0509,0.995,0.5529999999999999,0.155,0.461,80.211,4,romance
6MGlS9t68GIFkcbWIzHcsM,Nikolay Nikitskiy,Velikie ispolniteli Rossii XX veka: Nikolay Nikitskiy,Bugi-vugi - ne sekret,0,110388,False,0.5760000000000001,0.516,0,-8.355,1,0.0556,0.8370000000000001,2.75e-05,0.0853,0.897,88.175,4,romance
2abeQBWSIzjO8J1KrPFZHy,Oleg Pogudin,Русский романс. Часть I,Забыли вы…,0,190933,False,0.474,0.0538,7,-21.541,0,0.0488,0.912,0.0,0.0901,0.207,93.964,3,romance
41BFw6SQKtl4FOCgaClWHC,Oleg Pogudin,Союз друзей. Песни Булата Окуджавы,Парижские фантазии,0,148480,False,0.7390000000000001,0.33899999999999997,9,-11.731,0,0.0962,0.7290000000000001,0.0,0.0895,0.66,126.62100000000001,4,romance
396SEUYrf8EGBUbMUvpaAU,Nadezhda Kazantseva,Velikie ispolniteli Rossii XX veka: Nadezhda Kazantseva (Deluxe),Rossija,0,239227,False,0.441,0.249,5,-12.745999999999999,0,0.0512,0.971,5.72e-06,0.5379999999999999,0.264,72.61399999999999,4,romance
77WDNemIn6ZHUHeLMK5LWI,Nadezhda Kazantseva,Velikie ispolniteli Rossii XX veka: Nadezhda Kazantseva (Deluxe),Estrellita,0,162537,False,0.332,0.253,6,-8.92,1,0.04,0.982,1.06e-05,0.102,0.141,77.107,4,romance
3ZfhmhDh8IYWtUrjmf3hbk,Sergei Lemeshev,Эстрада 40-х. Лучшие отечественные исполнители 40-х годов ХХ века,Песня о песне,0,213315,False,0.426,0.16699999999999998,9,-12.823,0,0.0467,0.9840000000000001,0.0,0.0954,0.243,117.277,4,romance
0bWAjywvZX6qiyy6R0ocWz,Boris Shtokolov;Оркестр штаба Ленинградского Военного округа,"Люблю тебя, Петра творенье...",Ночь светла (feat. Оркестр штаба Ленинградского военного округа),0,174453,False,0.331,0.29,3,-12.592,0,0.0411,0.98,0.0154,0.0962,0.366,138.567,4,romance
3NlzdeBPtuSj89pf6Z1TvG,Nikolay Kopylov,"Ради Женщин (Сцены, Арии И Дуэты Из Классических Оперетт)",Песня Пали Рача Из Оперетты «Цыган-Премьер»,0,246106,False,0.27899999999999997,0.41600000000000004,2,-12.525,1,0.0426,0.987,0.408,0.282,0.221,80.542,4,romance
3ZNOzd4hnbbjTfMvebFt9D,Nikolay Erdenko,The Night Is Bright,"Goodbye, My Friend, Goodbye",0,153693,False,0.342,0.0701,9,-20.671,0,0.0373,0.946,1.55e-05,0.10400000000000001,0.184,127.757,5,romance
399J96pvyrrDAHDXBY1qnf,Oleg Pogudin,The Best Songs,Дремлют плакучие ивы,0,178920,False,0.4,0.22,2,-14.161,0,0.0384,0.8959999999999999,0.0254,0.114,0.18600000000000003,89.595,3,romance
1cgM0c7AhnbJSZKgaXLNgF,"Nikolai Erdenko;Ансамбль ""Джанг""",20 лучших цыганских песен. Звездочка,Что делать,0,200293,False,0.36,0.141,4,-15.662,0,0.0292,0.938,0.0004940000000000001,0.14,0.223,75.581,4,romance
5eufSf7Ss9wFKGoEuqfNAv,Oleg Pogudin,Избранное I (Live),Я Вас люблю - Live,0,288000,False,0.382,0.423,4,-12.258,0,0.685,0.595,0.0,0.958,0.25,96.37,5,romance
2FgBbPzQtH6WcimQuh6yOi,Vladimir Nechaev,"Russian Legends - Vladimir Nechaev, Vol. 2",Ja vlubilsya,0,160426,False,0.62,0.27,11,-15.228,0,0.0553,0.893,0.166,0.301,0.711,131.509,4,romance
79Y0mhlybfVcoXJvi6A3aQ,Maria Maksakova;Makhov Russian Folk Instruments Orchestra,My Voice for You...,The Old Husband,0,167021,False,0.368,0.373,5,-5.001,0,0.040999999999999995,0.976,0.0,0.278,0.124,81.902,1,romance
6P2z6tZi1K8pyHXV1i0DnK,Nikolay Kopylov,У камина (Старинные Русские Романсы)/ At a Fireplace,Твои глаза зеленые ( Green Eyes),0,219880,False,0.359,0.44799999999999995,2,-7.961,1,0.063,0.8690000000000001,0.00045999999999999996,0.317,0.49,76.832,4,romance
3gZdKSc7nIRAj1MgGcGDQP,Ivan Petrov;Chorus of the Bolshoi Theatre,Eugene Onegin,"Tchaikovsky: Eugene Onegin: Dyevitsi, krasavitsi - Act One",0,183466,False,0.384,0.134,9,-20.039,1,0.0369,0.992,0.000493,0.0824,0.12300000000000001,106.939,3,romance
6sfr06qqBzJNSRLBMLMewi,Nikolay Kopylov,Две гитары (Старинные Русские Романсы)/ Two Guitars (Ancient Russian Romances),Тебя любить (Loving You),0,173680,False,0.537,0.247,4,-12.172,0,0.0817,0.938,0.00143,0.0975,0.306,72.536,3,romance
78MaTag4E7UiNjI6d7KCeT,"Группа ""Загадка""",20 лучших ресторанных песен. Сладка ягода,Сладка ягода,0,190173,False,0.25,0.106,10,-12.954,0,0.0374,0.92,0.0,0.0802,0.313,75.807,4,romance
62svtfRdzCBy5qHInT7lYv,Nikolai Erdenko,20 лучших ресторанных песен. Цыганочка,Ехал на ярмарку ухарь-купец,0,158306,False,0.6729999999999999,0.534,4,-14.0,0,0.0692,0.715,0.0,0.161,0.742,110.51299999999999,4,romance
60GPk3Q9dYRAvj3z4w3uvt,Paolo Plaza,Mis Pasos,Alguien Como Tú,30,314984,False,0.682,0.907,9,-3.4360000000000004,0,0.0575,0.65,1.51e-06,0.0851,0.965,170.051,4,salsa
2Y2GcNox0vZ6YOERe0s2fy,Daiquiri,Lo Mejor de Daiquirí,Morir de Amor,29,257000,False,0.745,0.831,10,-3.7939999999999996,1,0.0407,0.499,0.00778,0.0354,0.966,157.009,4,salsa
0Ar3Yw2YygQrxNOSRf8Wlc,Chess In Concert,Chess In Concert,You and I - Reprise,20,269666,False,0.24600000000000002,0.255,10,-9.814,1,0.0338,0.9179999999999999,0.0004,0.311,0.105,100.71799999999999,4,show-tunes
6EIvczZqM3aW9OsLv9DgBP,The Jackson 5,Jingle Bell Rock 2022,Santa Claus Is Coming To Town,0,144080,False,0.691,0.7759999999999999,0,-4.177,1,0.0341,0.45799999999999996,1.6800000000000002e-05,0.33,0.961,146.861,4,soul
7qXOU6cphWamDZg2vYm3iw,"Sarah, the Illstrumentalist",FLOWERS,Echinacea,6,131332,False,0.5670000000000001,0.483,9,-12.536,0,0.0561,0.392,0.9109999999999999,0.184,0.5429999999999999,89.95700000000001,4,study
0xchuOuU0MqjKaUrzIPrCv,Pepper and Po,Breaking News,Subway Signs,26,183007,False,0.792,0.0414,8,-14.460999999999999,1,0.0663,0.748,0.929,0.0902,0.418,79.985,4,study
63vjnB6EeQuVf64zLxIo90,Aly & Fila;JES;Space Motion,Summer Sessions 2021,I Won't Let You Fall - Space Motion Extended Remix,36,449032,False,0.693,0.731,2,-8.552,1,0.0438,0.00483,0.5429999999999999,0.11199999999999999,0.273,122.98700000000001,4,trance
0sSjIvTvd6fUSZZ5rnTPDW,Everything But The Girl,Eden (Deluxe Edition),Another Bridge - 2012 Remaster,26,132826,False,0.48,0.853,0,-6.276,1,0.0734,0.0306,1.27e-06,0.32,0.775,85.181,4,trip-hop
2zg3iJW4fK7KZgHOvJU67z,Faithless,Faithless 2.0,Tarantula,21,398152,False,0.622,0.816,6,-11.095,0,0.0483,0.009590000000000001,0.578,0.0991,0.42700000000000005,136.007,4,trip-hop
46FPub2Fewe7XrgM0smTYI,Morcheeba,Parts of the Process,Undress Me Now,17,203773,False,0.5760000000000001,0.35200000000000004,7,-10.773,0,0.0268,0.7,0.27,0.16,0.36,95.484,4,trip-hop
6qVA1MqDrDKfk9144bhoKp,Acil Servis,Küçük Adam,Bebek,38,319933,False,0.486,0.485,5,-12.390999999999998,0,0.0331,0.00446,1.6899999999999997e-05,0.369,0.353,120.095,4,turkish
5WaioelSGekDk3UNQy8zaw,Matt Redman,Sing Like Never Before: The Essential Collection,Our God - New Recording,34,265373,False,0.48700000000000004,0.895,11,-5.061,1,0.0413,0.000183,0.0,0.359,0.384,105.021,4,world-music
